date,iso_a3,currency_code,name,local_price,dollar_ex,dollar_price,Inflation_USD,Inflation_Local,GDP
2000-04-01,BRA,BRL,Brazil,2.95,1.79,1.64804469273743,,,3726.81166909716
2001-04-01,BRA,BRL,Brazil,3.6,2.19,1.6438356164383603,-0.002553981889943949,0.22033898305084743,3142.23513974908
2002-04-01,BRA,BRL,Brazil,3.6,2.34,1.53846153846154,-0.06410256410256546,0.0,2824.71541300038
2003-04-01,BRA,BRL,Brazil,4.55,3.07,1.4820846905537501,-0.036644951140063435,0.2638888888888888,3056.6497976949395
2004-05-01,BRA,BRL,Brazil,5.4,3.18,1.6981132075471699,0.1457599004768784,0.18681318681318693,3623.22446166485
2005-06-01,BRA,BRL,Brazil,5.9,2.4648,2.39370334307043,0.4096253020303644,0.09259259259259259,4773.26855132261
2006-05-01,BRA,BRL,Brazil,6.4,2.3045,2.77717509221089,0.16020019784430617,0.0847457627118644,5866.023414271651
2007-06-01,BRA,BRL,Brazil,6.9,1.913,3.60690015682175,0.29876584553058233,0.078125,7323.19159375818
2008-06-01,BRA,BRL,Brazil,7.5,1.5846,4.73305566073457,0.31222253318626425,0.08695652173913038,8801.75787553359
2009-07-01,BRA,BRL,Brazil,8.03,1.9971,4.0208302037955,-0.15047899454208685,0.07066666666666659,8569.90254736072
2010-07-01,BRA,BRL,Brazil,8.71,1.77495,4.907180483957299,0.220439619490801,0.0846824408468246,11249.291890435201
2011-07-01,BRA,BRL,Brazil,9.5,1.5416,6.1624286455630495,0.2557982462046066,0.0907003444316876,13200.556234878899
2012-07-01,BRA,BRL,Brazil,10.08,2.04215,4.935974340768309,-0.1990212585549023,0.06105263157894738,12327.5131013057
2013-07-01,BRA,BRL,Brazil,12.0,2.27065,5.28483033492612,0.07067621711005682,0.19047619047619047,12258.5657091866
2014-07-01,BRA,BRL,Brazil,13.0,2.22025,5.855196486882111,0.10792515857823927,0.08333333333333333,12071.4044637296
2015-07-01,BRA,BRL,Brazil,13.5,3.15235,4.28251939029613,-0.26859510182269397,0.038461538461538464,8783.2154236384
2016-07-01,BRA,BRL,Brazil,15.5,3.24145,4.78181060944948,0.1165881981257824,0.14814814814814814,8680.73646873878
2017-07-01,BRA,BRL,Brazil,16.5,3.2343,5.10156757258139,0.06686943278347911,0.06451612903225806,9896.718895005279
2018-07-01,BRA,BRL,Brazil,16.9,3.83835,4.4029335521773705,-0.13694497043592246,0.024242424242424156,9121.02099480377
2019-07-09,BRA,BRL,Brazil,17.5,3.8073,4.59643316786174,0.04394788460722477,0.03550295857988174,8845.32414932264
2020-07-01,BRA,BRL,Brazil,20.9,5.34045,3.9135278862268197,-0.1485728730724932,0.1942857142857142,6923.6999117682
2000-04-01,ARG,ARS,Argentina,2.5,1.0,2.5,,,7666.517834237829
2001-04-01,ARG,ARS,Argentina,2.5,1.0,2.5,0.0,0.0,7168.975872329109
2002-04-01,ARG,ARS,Argentina,2.5,3.13,0.7987220447284351,-0.6805111821086259,0.0,2579.48876933284
2003-04-01,ARG,ARS,Argentina,4.1,2.88,1.42361111111111,0.7823611111111084,0.6399999999999999,3333.1529038899703
2004-05-01,ARG,ARS,Argentina,4.36,2.95,1.4779661016949202,0.03818106655643249,0.06341463414634163,4258.16026060875
2005-06-01,ARG,ARS,Argentina,4.75,2.897,1.6396272005522998,0.10938078936451111,0.08944954128440359,5086.62776073134
2006-05-01,ARG,ARS,Argentina,7.0,3.0565,2.29020121053493,0.3967816646146684,0.47368421052631576,5890.97800169795
2007-06-01,ARG,ARS,Argentina,8.25,3.0915,2.66860747210092,0.16522839121092078,0.17857142857142858,7210.595547558991
2008-06-01,ARG,ARS,Argentina,11.0,3.0195,3.64298724954463,0.36512667660208875,0.3333333333333333,8977.50685093365
2009-07-01,ARG,ARS,Argentina,11.5,3.81125,3.0173827484421096,-0.1717284355526417,0.045454545454545456,8184.389889239909
2010-07-01,ARG,ARS,Argentina,14.0,3.93375,3.55894502700985,0.1794808029731567,0.21739130434782608,10385.964431955501
2011-07-01,ARG,ARS,Argentina,20.0,4.1325,4.83968542044767,0.3598651801918589,0.42857142857142855,12848.739151456799
2012-07-01,ARG,ARS,Argentina,19.0,4.56625,4.16096359156857,-0.14024089789214406,-0.05,13082.664325572
2013-07-01,ARG,ARS,Argentina,21.0,5.4125,3.87990762124711,-0.06754588549896672,0.10526315789473684,13080.2547323367
2014-07-01,ARG,ARS,Argentina,21.0,8.16875,2.5707727620505,-0.3374139250191266,0.0,12334.7982453893
2015-07-01,ARG,ARS,Argentina,28.0,9.135,3.06513409961686,0.1923006750592953,0.3333333333333333,13789.060424772
2016-07-01,ARG,ARS,Argentina,50.0,14.935,3.3478406427854,0.09223300970873613,0.7857142857142857,12790.2641396135
2017-07-01,ARG,ARS,Argentina,70.0,16.9675,4.12553410932665,0.23229703845587155,0.4,14613.0356486571
2018-07-01,ARG,ARS,Argentina,75.0,27.725,2.7051397655545495,-0.3442934432564734,0.07142857142857142,11795.1627452798
2019-07-09,ARG,ARS,Argentina,120.0,41.8045,2.87050437153895,0.06112978267890023,0.6,9963.674161716619
2020-07-01,ARG,ARS,Argentina,250.0,71.24065,3.5092324396254106,0.2225142293526702,1.0833333333333333,8500.837938505341
2000-04-01,SGP,SGD,Singapore,3.2,1.7,1.88235294117647,,,23852.838951475296
2001-04-01,SGP,SGD,Singapore,3.3,1.81,1.8232044198895,-0.031422651933702715,0.03124999999999989,21699.7414868907
2002-04-01,SGP,SGD,Singapore,3.3,1.82,1.81318681318681,-0.005494505494505752,0.0,22159.837371063903
2003-04-01,SGP,SGD,Singapore,3.3,1.78,1.85393258426966,0.02247191011235964,0.0,23730.384005456603
2004-05-01,SGP,SGD,Singapore,3.3,1.71,1.9298245614035099,0.04093567251462218,0.0,27608.080013422998
2005-06-01,SGP,SGD,Singapore,3.6,1.6607,2.16776058288673,0.12329412022312303,0.090909090909091,29961.317281273197
2006-05-01,SGP,SGD,Singapore,3.6,1.5873,2.2680022680022702,0.046242046242049493,0.0,33768.4528234651
2007-06-01,SGP,SGD,Singapore,3.95,1.52375,2.5922887612797405,0.14298331966092445,0.09722222222222224,39432.8860198877
2008-06-01,SGP,SGD,Singapore,3.95,1.35275,2.9199778229532405,0.12640916651265696,0.0,40008.5720489092
2009-07-01,SGP,SGD,Singapore,4.22,1.4645,2.8815295322635697,-0.013167322843152468,0.06835443037974673,38926.8054365453
2010-07-01,SGP,SGD,Singapore,4.23,1.3742,3.0781545626546403,0.06823634052315712,0.002369668246445658,47236.683084953
2011-07-01,SGP,SGD,Singapore,4.41,1.20705,3.65353547906052,0.1869239847103921,0.04255319148936163,53891.457026437194
2012-07-01,SGP,SGD,Singapore,4.4,1.2585,3.49622566547477,-0.04305687312668471,-0.002267573696145076,55547.5553077786
2013-07-01,SGP,SGD,Singapore,4.7,1.2747,3.68714207264454,0.0546064314598081,0.06818181818181814,56967.4257940383
2014-07-01,SGP,SGD,Singapore,4.7,1.238,3.7964458804523398,0.029644588045234618,0.0,57564.8023114977
2015-07-01,SGP,SGD,Singapore,4.7,1.3664,3.4396955503512903,-0.09396955503512758,0.0,55645.6068614606
2016-07-01,SGP,SGD,Singapore,5.45,1.3577,4.01414156293732,0.16700490033990445,0.15957446808510636,56899.91818051731
2017-07-01,SGP,SGD,Singapore,5.6,1.3777,4.06474559047688,0.012606438200084476,0.027522935779816415,61162.0973932771
2018-07-01,SGP,SGD,Singapore,5.8,1.35585,4.27775933915994,0.05240518599297347,0.03571428571428575,66840.6373389791
2019-07-09,SGP,SGD,Singapore,5.8,1.3613,4.26063321824726,-0.004003526041285733,0.0,66081.7199235165
2020-07-01,SGP,SGD,Singapore,5.9,1.3876,4.251945805707701,-0.0020389956362244434,0.01724137931034492,61466.803676357995
2000-04-01,CHE,CHF,Switzerland,5.9,1.7,3.4705882352941204,,,38865.021939688
2001-04-01,CHE,CHF,Switzerland,6.3,1.73,3.64161849710983,0.04927990594689933,0.06779661016949143,39638.7911061864
2002-04-01,CHE,CHF,Switzerland,6.3,1.66,3.79518072289157,0.04216867469879522,0.0,42458.7384679187
2003-04-01,CHE,CHF,Switzerland,6.3,1.37,4.5985401459854005,0.2116788321167869,0.0,49335.7456291067
2004-05-01,CHE,CHF,Switzerland,6.3,1.29,4.88372093023256,0.06201550387596955,0.0,54659.4571488233
2005-06-01,CHE,CHF,Switzerland,6.3,1.2475,5.0501002004007995,0.03406813627254433,0.0,56242.8933645639
2006-05-01,CHE,CHF,Switzerland,6.3,1.20885,5.211564710261821,0.03197253588121021,0.0,59011.032459201604
2007-06-01,CHE,CHF,Switzerland,6.3,1.2112,5.2014531043593095,-0.0019402245706747613,0.0,64989.1553256031
2008-06-01,CHE,CHF,Switzerland,6.5,1.02215,6.35914493958812,0.2225708493379581,0.03174603174603177,74175.1927898555
2009-07-01,CHE,CHF,Switzerland,6.5,1.08605,5.98499148289674,-0.05883707011647597,0.0,71568.3123885672
2010-07-01,CHE,CHF,Switzerland,6.5,1.05085,6.185468906123611,0.03349669315316042,0.0,76531.3729407691
2011-07-01,CHE,CHF,Switzerland,6.5,0.80615,8.06301556782237,0.30354152453017574,0.0,90476.7589651577
2012-07-01,CHE,CHF,Switzerland,6.5,0.9906,6.56167979002625,-0.18620028265697572,0.0,85836.2076767359
2013-07-01,CHE,CHF,Switzerland,6.5,0.9674,6.7190407277238,0.023981806905106675,0.0,87304.33058135571
2014-07-01,CHE,CHF,Switzerland,6.16,0.9024,6.826241134751769,0.01595471903982422,-0.052307692307692284,88724.99094026381
2015-07-01,CHE,CHF,Switzerland,6.5,0.9528,6.82199832073888,-0.0006215447021479858,0.05519480519480517,83806.4476003837
2016-07-01,CHE,CHF,Switzerland,6.5,0.9861,6.59162356758949,-0.03376939458472893,0.0,82153.07454478889
2017-07-01,CHE,CHF,Switzerland,6.5,0.96415,6.74168957112483,0.022766167090184412,0.0,82254.37692697669
2018-07-01,CHE,CHF,Switzerland,6.5,0.99325,6.54417316889001,-0.029297759879184843,0.0,85217.36915122741
2019-07-09,CHE,CHF,Switzerland,6.5,0.99355,6.54219717175784,-0.00030194756177358414,0.0,84121.9310304414
2020-07-01,CHE,CHF,Switzerland,6.5,0.94125,6.90571049136786,0.05556440903054395,0.0,85897.7843338323
2000-04-01,CAN,CAD,Canada,2.85,1.47,1.93877551020408,,,24271.002056382098
2001-04-01,CAN,CAD,Canada,3.33,1.56,2.1346153846153797,0.10101214574898623,0.16842105263157894,23822.096210932003
2002-04-01,CAN,CAD,Canada,3.33,1.57,2.12101910828025,-0.006369426751592264,0.0,24256.0192337185
2003-04-01,CAN,CAD,Canada,3.2,1.45,2.20689655172414,0.040488764626698995,-0.039039039039039006,28301.864593742797
2004-05-01,CAN,CAD,Canada,3.19,1.37,2.3284671532846697,0.055086678832114905,-0.003125000000000072,32145.5412620217
2005-06-01,CAN,CAD,Canada,3.28,1.2494,2.6252601248599303,0.1274628122439208,0.028213166144200583,36383.6600068095
2006-05-01,CAN,CAD,Canada,3.52,1.12045,3.1415948949083,0.19667947003001024,0.07317073170731714,40504.0370977806
2007-06-01,CAN,CAD,Canada,3.88,1.05345,3.6831363614789505,0.17237787960769452,0.10227272727272724,44660.083889228095
2008-06-01,CAN,CAD,Canada,4.09,1.00355,4.07553186189029,0.10653841234750647,0.05412371134020618,46710.252686448395
2009-07-01,CAN,CAD,Canada,3.89,1.16085,3.3509928069948702,-0.1777777918191438,-0.04889975550122243,40874.8831932903
2010-07-01,CAN,CAD,Canada,4.17,1.04235,4.000575622391709,0.19384786921681788,0.07197943444730072,47560.666600940596
2011-07-01,CAN,CAD,Canada,4.73,0.94585,5.00079293756938,0.2500183497543035,0.13429256594724231,52223.8588398531
2012-07-01,CAN,CAD,Canada,5.12,1.01945,5.02231595468145,0.004303920874302658,0.08245243128964051,52670.344733541504
2013-07-01,CAN,CAD,Canada,5.53,1.05125,5.260404280618309,0.04740608278834587,0.08007812500000003,52638.1187235237
2014-07-01,CAN,CAD,Canada,5.64,1.07405,5.25115218099716,-0.0017588191187583202,0.01989150090415903,50960.8431174661
2015-07-01,CAN,CAD,Canada,5.85,1.2897,4.53593859036985,-0.13620126897398271,0.03723404255319149,43594.1941045394
2016-07-01,CAN,CAD,Canada,6.0,1.3030000000000002,4.60475825019187,0.015172088080762387,0.025641025641025703,42314.0615817218
2017-07-01,CAN,CAD,Canada,5.97,1.2823,4.655696794821809,0.011062153942135042,-0.005000000000000042,45129.628116623
2018-07-01,CAN,CAD,Canada,6.65,1.31235,5.0672457804701505,0.08839686169126762,0.11390284757118939,46539.1761570405
2019-07-09,CAN,CAD,Canada,6.77,1.31305,5.1559346559537,0.017502382818170768,0.01804511278195477,46352.8693445211
2020-07-01,CAN,CAD,Canada,6.88,1.3552,5.0767414403778,-0.015359623591127719,0.01624815361890699,43537.839298904
2000-04-01,MYS,MYR,Malaysia,4.52,3.8,1.18947368421053,,,4087.56259349384
2001-04-01,MYS,MYR,Malaysia,4.52,3.8,1.18947368421053,0.0,0.0,3941.1226662136896
2002-04-01,MYS,MYR,Malaysia,5.04,3.8,1.32631578947368,0.11504424778760353,0.11504424778761073,4177.104941764989
2003-04-01,MYS,MYR,Malaysia,5.04,3.8,1.32631578947368,0.0,0.0,4454.52676383656
2004-05-01,MYS,MYR,Malaysia,5.04,3.8,1.32631578947368,0.0,0.0,4924.33811126582
2005-06-01,MYS,MYR,Malaysia,5.25,3.8,1.3815789473684201,0.04166666666666936,0.04166666666666666,5536.83748306949
2006-05-01,MYS,MYR,Malaysia,5.5,3.6295,1.5153602424576398,0.09683217549314953,0.047619047619047616,6137.15053996313
2007-06-01,MYS,MYR,Malaysia,5.5,3.4345,1.6013975833454699,0.05677682340952348,0.0,7144.0002399818295
2008-06-01,MYS,MYR,Malaysia,5.5,3.238,1.6985793699814702,0.06068560840024401,0.0,8343.3033817446
2009-07-01,MYS,MYR,Malaysia,6.77,3.602,1.8795113825652399,0.1065196103174993,0.23090909090909084,7167.877194233729
2010-07-01,MYS,MYR,Malaysia,7.05,3.2135,2.19386961257196,0.16725529460623448,0.04135893648449044,8880.145804541091
2011-07-01,MYS,MYR,Malaysia,7.2,2.9730000000000003,2.4217961654894102,0.10389247912059951,0.021276595744680903,10209.3719445027
2012-07-01,MYS,MYR,Malaysia,7.4,3.1735,2.33181030408067,-0.037156661940025607,0.0277777777777778,10601.5104558966
2013-07-01,MYS,MYR,Malaysia,7.3,3.1805,2.2952365980191805,-0.015684683268396855,-0.013513513513513585,10727.6690215542
2014-07-01,MYS,MYR,Malaysia,7.63,3.1675,2.40883977900553,0.04949519412699781,0.0452054794520548,11045.5801207599
2015-07-01,MYS,MYR,Malaysia,7.65,3.8065,2.00972021542099,-0.16568954359816868,0.002621231979030205,9699.60046342736
2016-07-01,MYS,MYR,Malaysia,8.0,4.027,1.9865905140303002,-0.011508916123354408,0.04575163398692805,9555.66959336559
2017-07-01,MYS,MYR,Malaysia,8.6,4.2935,2.0030278327704703,0.00827413532083309,0.07499999999999996,9979.70447282371
2018-07-01,MYS,MYR,Malaysia,8.45,4.0225,2.10068365444375,0.04875410120397972,-0.01744186046511632,11073.9789704691
2019-07-09,MYS,MYR,Malaysia,8.85,4.1425,2.1363910681955303,0.01699799666467889,0.04733727810650892,11132.102742941799
2020-07-01,MYS,MYR,Malaysia,9.99,4.2655,2.3420466533817796,0.09626308041062594,0.12881355932203398,10164.344431073001
2000-04-01,RUS,RUB,Russia,39.5,28.5,1.3859649122806998,,,1771.59411621094
2001-04-01,RUS,RUB,Russia,35.0,28.9,1.2110726643598602,-0.12618807761377057,-0.11392405063291139,2100.3525390625
2002-04-01,RUS,RUB,Russia,39.0,31.2,1.25,0.03214285714285836,0.11428571428571428,2377.52954101563
2003-04-01,RUS,RUB,Russia,41.0,31.1,1.31832797427653,0.05466237942122394,0.05128205128205128,2975.123046875
2004-05-01,RUS,RUB,Russia,42.0,29.0,1.44827586206897,0.09857022708158238,0.024390243902439025,4102.36474609375
2005-06-01,RUS,RUB,Russia,42.0,28.4055,1.47858689338332,0.020929045431336824,0.0,5323.455078125
2006-05-01,RUS,RUB,Russia,48.0,27.06375,1.77359013440488,0.1995170134009034,0.14285714285714285,6920.19970703125
2007-06-01,RUS,RUB,Russia,52.0,25.64825,2.0274287719435002,0.14312136305595471,0.08333333333333333,9101.2392578125
2008-06-01,RUS,RUB,Russia,59.0,23.2336,2.5394256593898503,0.25253508016242077,0.1346153846153846,11635.2841796875
2009-07-01,RUS,RUB,Russia,67.0,32.7959,2.04293829411603,-0.1955116754207767,0.13559322033898305,8562.82421875
2010-07-01,RUS,RUB,Russia,71.0,30.44325,2.3322082891938303,0.1415950721130155,0.05970149253731343,10674.990234375
2011-07-01,RUS,RUB,Russia,75.0,27.7525,2.70245923790649,0.15875552386474168,0.056338028169014086,14305.33203125
2012-07-01,RUS,RUB,Russia,75.0,32.76525,2.28901046077781,-0.15298982916351614,0.0,15401.8515625
2013-07-01,RUS,RUB,Russia,87.0,32.9389,2.64125395808603,0.1538846166690418,0.16,15941.4482421875
2014-07-01,RUS,RUB,Russia,89.0,34.83725,2.5547366683650403,-0.03275614200449088,0.022988505747126436,14055.47265625
2015-07-01,RUS,RUB,Russia,107.0,56.815,1.8833054651060501,-0.26281816500825006,0.20224719101123595,9277.7138671875
2016-07-01,RUS,RUB,Russia,130.0,63.40755,2.05022903423961,0.08863329514320738,0.21495327102803738,8663.158203125
2017-07-01,RUS,RUB,Russia,137.0,60.1369,2.2781353877569397,0.11116141158436749,0.05384615384615385,10658.9130859375
2018-07-01,RUS,RUB,Russia,130.0,62.14065,2.09202832606353,-0.08169271356460137,-0.051094890510948905,11211.8876953125
2019-07-09,RUS,RUB,Russia,130.0,63.83875,2.03638072487322,-0.026599831606974187,0.0,11447.701171875
2020-07-01,RUS,RUB,Russia,135.0,70.585,1.91258766026776,-0.06079072694678298,0.038461538461538464,10108.3271484375
2000-04-01,KOR,KRW,South Korea,3000.0,1108.0,2.70758122743682,,,12257.0206622345
2001-04-01,KOR,KRW,South Korea,3000.0,1325.0,2.26415094339623,-0.16377358490565808,0.0,11561.207174511499
2002-04-01,KOR,KRW,South Korea,3100.0,1304.0,2.37730061349693,0.04997443762780918,0.03333333333333333,13165.08362497
2003-04-01,KOR,KRW,South Korea,3300.0,1220.0,2.7049180327868902,0.13781068217874465,0.06451612903225806,14672.805753946499
2004-05-01,KOR,KRW,South Korea,3200.0,1177.0,2.71877655055225,0.005123452022345145,-0.030303030303030304,16496.1316167114
2005-06-01,KOR,KRW,South Korea,2500.0,1005.5,2.48632521133764,-0.08549850820487376,-0.21875,19402.5026259549
2006-05-01,KOR,KRW,South Korea,2500.0,952.4,2.62494750104998,0.05575388492230309,0.0,21743.4774514254
2007-06-01,KOR,KRW,South Korea,2900.0,922.5,3.14363143631436,0.19759783197831812,0.16,24086.4104391677
2008-06-01,KOR,KRW,South Korea,3200.0,1018.05,3.1432640832964998,-0.00011685626171583002,0.10344827586206896,21350.427979823
2009-07-01,KOR,KRW,South Korea,3400.0,1314.5,2.58653480410803,-0.17711820083681923,0.0625,19143.8516053025
2010-07-01,KOR,KRW,South Korea,3400.0,1204.45,2.82286520818631,0.09136950475320559,0.0,23079.2601257735
2011-07-01,KOR,KRW,South Korea,3700.0,1056.2,3.50312440825601,0.2409818216246911,0.08823529411764706,25097.595426845
2012-07-01,KOR,KRW,South Korea,3700.0,1151.0,3.2145960034752403,-0.08236316246741868,0.0,25459.168900096498
2013-07-01,KOR,KRW,South Korea,3900.0,1135.7,3.4340054591881697,0.06825413068258962,0.05405405405405406,27179.5170146052
2014-07-01,KOR,KRW,South Korea,4100.0,1023.75,4.00488400488401,0.1662427600889142,0.05128205128205128,29252.9312377352
2015-07-01,KOR,KRW,South Korea,4300.0,1143.5,3.76038478355925,-0.0610502628856641,0.04878048780487805,28737.4391706499
2016-07-01,KOR,KRW,South Korea,4400.0,1140.95,3.85643542661817,0.025542769846017395,0.023255813953488372,29280.4403170048
2017-07-01,KOR,KRW,South Korea,4400.0,1144.65,3.84396977241952,-0.0032324291268067762,0.0,31600.7358741365
2018-07-01,KOR,KRW,South Korea,4500.0,1116.0,4.03225806451613,0.048982771260996476,0.022727272727272728,33447.156283616605
2019-07-09,KOR,KRW,South Korea,4500.0,1180.55,3.81178264368303,-0.054677904366608764,0.0,31902.416904819398
2020-07-01,KOR,KRW,South Korea,4500.0,1200.95,3.74703359840127,-0.016986552312751518,0.0,31721.2989141857
2000-04-01,POL,PLN,Poland,5.5,4.3,1.27906976744186,,,4501.47996121234
2001-04-01,POL,PLN,Poland,5.9,4.03,1.4640198511166298,0.14459733814572912,0.0727272727272728,4991.24435799511
2002-04-01,POL,PLN,Poland,5.9,4.04,1.46039603960396,-0.002475247524755862,0.0,5207.129304207
2003-04-01,POL,PLN,Poland,6.3,3.89,1.6195372750642698,0.10897128665417834,0.06779661016949143,5701.6388630191395
2004-05-01,POL,PLN,Poland,6.3,3.87,1.6279069767441898,0.005167958656331558,0.0,6681.309750873879
2005-06-01,POL,PLN,Poland,6.5,3.3096,1.96398356296833,0.2064470458233999,0.03174603174603177,8021.547890373879
2006-05-01,POL,PLN,Poland,6.5,3.09915,2.09734927318781,0.06790571608344496,0.0,9035.53275810927
2007-06-01,POL,PLN,Poland,6.9,2.75185,2.50740410996239,0.19551099190614452,0.06153846153846159,11254.3140875349
2008-06-01,POL,PLN,Poland,7.0,2.03145,3.44581456595043,0.374255770045027,0.014492753623188354,13995.781159811499
2009-07-01,POL,PLN,Poland,7.6,3.15525,2.4086839394659703,-0.3009827158816936,0.08571428571428566,11525.900737099098
2010-07-01,POL,PLN,Poland,8.3,3.1969,2.5962651318464802,0.07787704700771103,0.09210526315789488,12504.250185609299
2011-07-01,POL,PLN,Poland,8.63,2.7968,3.08566933638444,0.18850316885390378,0.03975903614457832,13776.3883624327
2012-07-01,POL,PLN,Poland,9.1,3.46035,2.6297917840680896,-0.14774024777733127,0.05446118192352246,13010.7555868425
2013-07-01,POL,PLN,Poland,9.2,3.3655,2.7336205615807496,0.03948174838087173,0.01098901098901095,13558.3411314221
2014-07-01,POL,PLN,Poland,9.2,3.0714,2.99537670117862,0.09575437911050338,0.0,14181.9486817352
2015-07-01,POL,PLN,Poland,9.6,3.7736,2.5439898240407004,-0.15069452765667435,0.04347826086956526,12560.051419682
2016-07-01,POL,PLN,Poland,9.6,3.96565,2.42078852142776,-0.048428378702103377,0.0,12378.812810611102
2017-07-01,POL,PLN,Poland,10.1,3.7086,2.7233996656420203,0.12500519625555018,0.052083333333333336,13815.501164767
2018-07-01,POL,PLN,Poland,10.1,3.68695,2.73939163807483,0.00587206227369494,0.0,15504.5075062692
2019-07-09,POL,PLN,Poland,10.8,3.80775,2.83632066180815,0.03538341228253097,0.06930693069306941,15700.0135796738
2020-07-01,POL,PLN,Poland,11.0,3.94345,2.78943564645171,-0.016530223816989233,0.01851851851851845,15816.819050319
2000-04-01,THA,THB,Thailand,55.0,38.0,1.4473684210526299,,,2004.1070589103101
2001-04-01,THA,THB,Thailand,55.0,45.5,1.2087912087912098,-0.16483516483516314,0.0,1889.9714107983398
2002-04-01,THA,THB,Thailand,55.0,43.3,1.2702078521940001,0.05080831408776284,0.0,2091.1789031213298
2003-04-01,THA,THB,Thailand,59.0,42.7,1.38173302107728,0.08780072386629094,0.07272727272727272,2350.84549582551
2004-05-01,THA,THB,Thailand,59.0,40.8,1.44607843137255,0.04656862745098371,0.0,2647.26073263886
2005-06-01,THA,THB,Thailand,60.0,40.53,1.4803849000740201,0.023723795305423324,0.01694915254237288,2876.2457729313896
2006-05-01,THA,THB,Thailand,60.0,38.445,1.5606710885680801,0.05423332032773749,0.0,3343.78595174831
2007-06-01,THA,THB,Thailand,62.0,34.455,1.7994485560876499,0.15299666231316472,0.03333333333333333,3934.69090919863
2008-06-01,THA,THB,Thailand,62.0,33.36,1.8585131894484401,0.03282374100719402,0.0,4327.79747040393
2009-07-01,THA,THB,Thailand,64.49,34.165,1.88760427337919,0.01565287999886801,0.04016129032258056,4154.1874470784205
2010-07-01,THA,THB,Thailand,70.0,32.305,2.16684723726977,0.1479351195739131,0.08543960303923097,4996.37209760091
2011-07-01,THA,THB,Thailand,70.0,29.75,2.35294117647059,0.08588235294117867,0.0,5396.64358573682
2012-07-01,THA,THB,Thailand,82.0,31.7,2.58675078864353,0.09936908517349935,0.17142857142857143,5748.632720621579
2013-07-01,THA,THB,Thailand,89.0,31.275,2.8457234212629903,0.1001150299272793,0.08536585365853659,6041.13394794203
2014-07-01,THA,THB,Thailand,99.0,31.78,3.1151667715544398,0.09468360427376496,0.11235955056179775,5822.37778295314
2015-07-01,THA,THB,Thailand,108.0,34.0875,3.1683168316831702,0.017061706170616694,0.09090909090909091,5708.79409105798
2016-07-01,THA,THB,Thailand,119.0,34.965,3.4034034034034,0.07419919919919746,0.10185185185185185,5854.4639077194
2017-07-01,THA,THB,Thailand,119.0,34.0365,3.4962466763621403,0.027279538142876952,0.0,6436.78965986703
2018-07-01,THA,THB,Thailand,119.0,33.17,3.5875791377751,0.026123002713295856,0.0,7124.55881041403
2019-07-09,THA,THB,Thailand,119.0,30.8275,3.8601897656313398,0.07598734895791147,0.0,7628.576033073509
2020-07-01,THA,THB,Thailand,128.0,31.385,4.0783813923849,0.05652354935920478,0.07563025210084033,7001.8502868367295
2000-04-01,CHN,CNY,China,9.9,8.28,1.19565217391304,,,959.360431369138
2001-04-01,CHN,CNY,China,9.9,8.28,1.19565217391304,0.0,0.0,1053.11231442789
2002-04-01,CHN,CNY,China,10.5,8.28,1.26811594202899,0.060606060606067554,0.060606060606060566,1148.51425710711
2003-04-01,CHN,CNY,China,9.9,8.28,1.19565217391304,-0.057142857142863324,-0.057142857142857106,1288.63749134336
2004-05-01,CHN,CNY,China,10.4,8.28,1.256038647343,0.05050505050505775,0.050505050505050504,1508.66791560781
2005-06-01,CHN,CNY,China,10.5,8.2764,1.26866753661012,0.010054538762668595,0.009615384615384581,1753.41419160544
2006-05-01,CHN,CNY,China,10.5,8.026,1.30824819337154,0.031198604535258613,0.0,2099.2194300499
2007-06-01,CHN,CNY,China,11.0,7.6047,1.4464738911462598,0.10565709050856223,0.047619047619047616,2693.95873160283
2008-06-01,CHN,CNY,China,12.5,6.834,1.8290898448931798,0.2645163221326557,0.13636363636363635,3468.32706307504
2009-07-01,CHN,CNY,China,12.5,6.8327,1.82943785033735,0.00019026153643675415,0.0,3832.2274569094
2010-07-01,CHN,CNY,China,13.2,6.7769,1.9477932387965,0.06469494901798664,0.055999999999999946,4550.47394356715
2011-07-01,CHN,CNY,China,14.65,6.445,2.27307990690458,0.16700266826527627,0.10984848484848493,5614.38602225277
2012-07-01,CHN,CNY,China,15.65,6.3885,2.4497143304375095,0.07770708939725117,0.06825938566552901,6300.58217951734
2013-07-01,CHN,CNY,China,16.0,6.1341,2.60836960597317,0.06476480688559522,0.022364217252396144,7020.3860742288
2014-07-01,CHN,CNY,China,16.9,6.1983,2.72655405514415,0.04530970185373164,0.05624999999999991,7636.07434020616
2015-07-01,CHN,CNY,China,17.0,6.2092,2.73787283385943,0.004151312787628399,0.005917159763313694,8016.445594899979
2016-07-01,CHN,CNY,China,18.6,6.678,2.7852650494159903,0.017309867343164462,0.09411764705882361,8094.39016735149
2017-07-01,CHN,CNY,China,19.8,6.7875,2.9171270718232,0.0473427196578144,0.06451612903225802,8817.04560829162
2018-07-01,CHN,CNY,China,20.5,6.622000000000001,3.09574146783449,0.0612295562084158,0.03535353535353532,9905.40638304527
2019-07-09,CHN,CNY,China,21.0,6.8846,3.0502861458908304,-0.014683177654190974,0.024390243902439025,10143.8602206165
2020-07-01,CHN,CNY,China,21.7,7.0035,3.09845077461269,0.015790200138024558,0.0333333333333333,10408.7195541075
2000-04-01,AUS,AUD,Australia,2.59,1.68,1.5416666666666698,,,21870.4159669594
2001-04-01,AUS,AUD,Australia,3.0,1.98,1.51515151515152,-0.017199017199016068,0.15830115830115837,19695.7297379144
2002-04-01,AUS,AUD,Australia,3.0,1.86,1.61290322580645,0.06451612903225355,0.0,20301.8431713256
2003-04-01,AUS,AUD,Australia,3.0,1.61,1.86335403726708,0.1552795031055908,0.0,23718.1338501868
2004-05-01,AUS,AUD,Australia,3.25,1.43,2.2727272727272703,0.21969696969696884,0.08333333333333333,30836.7306824685
2005-06-01,AUS,AUD,Australia,3.25,1.3015,2.4971187091817098,0.09873223203995347,0.0,34479.767929838796
2006-05-01,AUS,AUD,Australia,3.25,1.33253,2.4389694791111602,-0.023286530134406243,0.0,36595.7071548423
2007-06-01,AUS,AUD,Australia,3.45,1.17,2.94871794871795,0.20900157790927276,0.06153846153846159,41051.6120652288
2008-06-01,AUS,AUD,Australia,3.45,1.026,3.36257309941521,0.1403508771929839,0.0,49701.2817843335
2009-07-01,AUS,AUD,Australia,4.34,1.2869,3.37244541145388,0.0029359397541088472,0.2579710144927535,42816.567400282904
2010-07-01,AUS,AUD,Australia,4.35,1.133722578,3.8369175002881497,0.13772560624903724,0.002304147465437739,52147.0241942843
2011-07-01,AUS,AUD,Australia,4.56,0.9223815890000001,4.9437240014121695,0.28846241834516884,0.04827586206896551,62609.6607161044
2012-07-01,AUS,AUD,Australia,4.56,0.9743264970000001,4.68015599908292,-0.05331365631535296,0.0,68078.0442283168
2013-07-01,AUS,AUD,Australia,5.035,1.089858863,4.61986425117506,-0.012882422705498222,0.1041666666666668,68198.4193446869
2014-07-01,AUS,AUD,Australia,5.1,1.059378145,4.81414500013119,0.04205334581134387,0.012909632571995929,62558.243878633206
2015-07-01,AUS,AUD,Australia,5.3,1.35126005,3.9222649999901895,-0.18526238825724942,0.03921568627450984,56758.8692027821
2016-07-01,AUS,AUD,Australia,5.75,1.335737661,4.3047375003975406,0.09751317170265336,0.08490566037735853,49918.7939327254
2017-07-01,AUS,AUD,Australia,5.9,1.303016483,4.52795500055083,0.05185391679113428,0.02608695652173919,53954.553494614
2018-07-01,AUS,AUD,Australia,6.05,1.33985395591881,4.51541749999998,-0.002768910148030287,0.02542372881355923,57273.5204750079
2019-07-09,AUS,AUD,Australia,6.15,1.4436263894904,4.260105,-0.05654239059842887,0.016528925619834798,55049.571919719005
2020-07-01,AUS,AUD,Australia,6.55,1.43061516452074,4.57845000000001,0.07472703137598947,0.06504065040650397,51868.247556782306
2000-04-01,MEX,MXN,Mexico,20.9,9.41,2.2210414452709903,,,7581.8456414700295
2001-04-01,MEX,MXN,Mexico,21.9,9.29,2.35737351991389,0.06138204891816677,0.04784688995215311,8009.15833972447
2002-04-01,MEX,MXN,Mexico,21.9,9.28,2.35991379310345,0.0010775862068955718,0.0,8032.992120585391
2003-04-01,MEX,MXN,Mexico,23.0,10.53,2.18423551756885,-0.07444266652790352,0.05022831050228317,7473.932373569341
2004-05-01,MEX,MXN,Mexico,24.0,11.6,2.06896551724138,-0.05277361319340271,0.043478260869565216,7883.5231908284995
2005-06-01,MEX,MXN,Mexico,28.0,10.8675,2.5764895330112703,0.24530327428878027,0.16666666666666666,8702.11448264527
2006-05-01,MEX,MXN,Mexico,29.0,11.3031,2.56566782564075,-0.004200175173183214,0.03571428571428571,9545.28672703153
2007-06-01,MEX,MXN,Mexico,29.0,10.76755,2.6932774865219997,0.049737405445064026,0.0,10178.442238810501
2008-06-01,MEX,MXN,Mexico,32.0,10.1685,3.1469734965825804,0.16845498183199353,0.10344827586206896,10589.9518729134
2009-07-01,MEX,MXN,Mexico,33.0,13.8104,2.38950356253258,-0.2406979070121074,0.03125,8495.65308003777
2010-07-01,MEX,MXN,Mexico,32.0,12.782,2.50352057580973,0.04771577455038655,-0.030303030303030304,9823.16407459477
2011-07-01,MEX,MXN,Mexico,32.0,11.67075,2.74189747873958,0.09521667416404193,0.0,10766.6099402311
2012-07-01,MEX,MXN,Mexico,37.0,13.687000000000001,2.70329509753781,-0.014078710637829837,0.15625,10842.7330894856
2013-07-01,MEX,MXN,Mexico,37.0,12.94115,2.8590967572433703,0.057633981524054134,0.0,11317.491060480901
2014-07-01,MEX,MXN,Mexico,42.0,12.93255,3.2476193790087797,0.13588998720701143,0.13513513513513514,11490.0216914226
2015-07-01,MEX,MXN,Mexico,49.0,15.73975,3.1131371209834997,-0.041409488714877034,0.16666666666666666,10098.173182095
2016-07-01,MEX,MXN,Mexico,44.0,18.535,2.37388724035608,-0.2374613940531719,-0.10204081632653061,9152.73722379028
2017-07-01,MEX,MXN,Mexico,49.0,17.79075,2.75424026530641,0.16022371176032682,0.11363636363636363,9693.330090824871
2018-07-01,MEX,MXN,Mexico,49.0,19.0515,2.57197595989817,-0.0661758916620744,0.0,10130.3206976172
2019-07-09,MEX,MXN,Mexico,50.0,18.89525,2.6461676876463702,0.028846197983568116,0.02040816326530612,10434.5676193955
2020-07-01,MEX,MXN,Mexico,50.0,22.436,2.2285612408629,-0.15781556427170712,0.0,8895.615216059408
2000-04-01,TWN,TWD,Taiwan,70.0,30.6,2.28758169934641,,,
2001-04-01,TWN,TWD,Taiwan,70.0,32.9,2.1276595744680904,-0.06990881458966527,0.0,
2002-04-01,TWN,TWD,Taiwan,70.0,34.8,2.01149425287356,-0.05459770114942905,0.0,
2003-04-01,TWN,TWD,Taiwan,70.0,34.8,2.01149425287356,0.0,0.0,
2004-05-01,TWN,TWD,Taiwan,75.0,33.4,2.24550898203593,0.11633875106929258,0.07142857142857142,
2005-06-01,TWN,TWD,Taiwan,75.0,31.175,2.4057738572574197,0.07137129109863669,0.0,
2006-05-01,TWN,TWD,Taiwan,75.0,32.141,2.3334681559379,-0.030055069848480397,0.0,
2007-06-01,TWN,TWD,Taiwan,75.0,32.7705,2.2886437497139203,-0.019209349872599008,0.0,
2008-06-01,TWN,TWD,Taiwan,75.0,30.3625,2.4701523260601097,0.07930835734870399,0.0,
2009-07-01,TWN,TWD,Taiwan,75.0,33.1755,2.2607044355021,-0.08479148769423409,0.0,
2010-07-01,TWN,TWD,Taiwan,75.0,32.1055,2.336048340627,0.033327622992948135,0.0,
2011-07-01,TWN,TWD,Taiwan,75.0,28.834,2.60109592841784,0.11345980439758398,0.0,
2012-07-01,TWN,TWD,Taiwan,75.0,30.1955,2.4838138133165497,-0.04508950009107468,0.0,
2013-07-01,TWN,TWD,Taiwan,79.0,30.0285,2.63083404099439,0.05919132379794987,0.05333333333333334,
2014-07-01,TWN,TWD,Taiwan,79.0,29.982,2.6349142819024802,0.0015509305583364637,0.0,
2015-07-01,TWN,TWD,Taiwan,79.0,31.02,2.5467440361057405,-0.03346228239845373,0.0,
2016-07-01,TWN,TWD,Taiwan,69.0,32.029,2.1542976677386103,-0.15409729552846035,-0.12658227848101267,
2017-07-01,TWN,TWD,Taiwan,69.0,30.4775,2.26396522024444,0.050906406365350945,0.0,
2018-07-01,TWN,TWD,Taiwan,69.0,30.3725,2.27179191703021,0.0034570746563522894,0.0,
2019-07-09,TWN,TWD,Taiwan,72.0,31.171999999999997,2.3097651738739904,0.016715112224459747,0.043478260869565216,
2020-07-01,TWN,TWD,Taiwan,72.0,29.4565,2.44428224670277,0.05823841936414886,0.0,
2000-04-01,ZAF,ZAR,South Africa,9.0,6.72,1.33928571428571,,,3241.66139605189
2001-04-01,ZAF,ZAR,South Africa,9.7,8.13,1.1931119311193101,-0.10914309143091223,0.0777777777777777,2867.47249671099
2002-04-01,ZAF,ZAR,South Africa,9.7,10.9,0.8899082568807339,-0.2541284403669718,0.0,2708.4233331834303
2003-04-01,ZAF,ZAR,South Africa,13.95,7.56,1.8452380952381,1.0735149729995144,0.43814432989690727,4095.6837002303205
2004-05-01,ZAF,ZAR,South Africa,12.4,6.66,1.86186186186186,0.00900900900900544,-0.11111111111111104,5268.278576217021
2005-06-01,ZAF,ZAR,South Africa,13.95,6.6482,2.0983123251406397,0.1269967810836027,0.12499999999999992,5893.187075872329
2006-05-01,ZAF,ZAR,South Africa,13.95,6.597,2.11459754433834,0.007761103531910484,0.0,6139.581617666639
2007-06-01,ZAF,ZAR,South Africa,15.5,6.971,2.22349734614833,0.051499067565627436,0.11111111111111117,6662.06278541847
2008-06-01,ZAF,ZAR,South Africa,16.95,7.56325,2.24110005619277,0.00791667688514773,0.09354838709677414,6251.87742691265
2009-07-01,ZAF,ZAR,South Africa,17.95,8.2805,2.16774349375038,-0.03273239061312136,0.058997050147492625,6444.186840445191
2010-07-01,ZAF,ZAR,South Africa,18.45,7.5365,2.44808598155643,0.12932456658930344,0.02785515320334262,8059.56279824609
2011-07-01,ZAF,ZAR,South Africa,19.45,6.76885,2.87345708650657,0.17375660338518822,0.05420054200542006,8737.041269424351
2012-07-01,ZAF,ZAR,South Africa,19.95,8.4683,2.35584473861342,-0.18013575018182773,0.02570694087403599,8173.869138171601
2013-07-01,ZAF,ZAR,South Africa,22.5,10.04725,2.23941874642315,-0.04942006163733643,0.1278195488721805,7441.230853996751
2014-07-01,ZAF,ZAR,South Africa,24.5,10.5145,2.33011555471016,0.04050015586940722,0.08888888888888889,6965.137897369301
2015-07-01,ZAF,ZAR,South Africa,26.0,12.41455,2.0943167492982,-0.1011961852858799,0.061224489795918366,6204.92990145846
2016-07-01,ZAF,ZAR,South Africa,30.0,14.27375,2.10176022418776,0.0035541304303918094,0.15384615384615385,5735.066787178421
2017-07-01,ZAF,ZAR,South Africa,30.0,13.27,2.26073850791259,0.07564054257724304,0.0,6734.475153124929
2018-07-01,ZAF,ZAR,South Africa,31.0,13.3619,2.32002933714517,0.026226310130544394,0.03333333333333333,7067.72416483846
2019-07-09,ZAF,ZAR,South Africa,31.0,14.175,2.18694885361552,-0.05736155202822014,0.0,6702.52661671812
2020-07-01,ZAF,ZAR,South Africa,31.0,16.6725,1.8593492277702799,-0.14979757085020262,0.0,5753.06649434631
2000-04-01,USA,USD,United States,2.51,1.0,2.51,,,36329.9702595751
2001-04-01,USA,USD,United States,2.54,1.0,2.54,0.011952191235059861,0.011952191235059861,37133.6203973517
2002-04-01,USA,USD,United States,2.49,1.0,2.49,-0.01968503937007867,-0.01968503937007867,37997.7424300242
2003-04-01,USA,USD,United States,2.71,1.0,2.71,0.08835341365461837,0.08835341365461837,39490.3023903176
2004-05-01,USA,USD,United States,2.9,1.0,2.9,0.07011070110701105,0.07011070110701105,41724.6411982614
2005-06-01,USA,USD,United States,3.06,1.0,3.06,0.055172413793103496,0.055172413793103496,44123.399647002596
2006-05-01,USA,USD,United States,3.1,1.0,3.1,0.013071895424836612,0.013071895424836612,46301.987648551905
2007-06-01,USA,USD,United States,3.41,1.0,3.41,0.10000000000000002,0.10000000000000002,48050.227412195
2008-06-01,USA,USD,United States,3.57,1.0,3.57,0.04692082111436941,0.04692082111436941,48570.0594269601
2009-07-01,USA,USD,United States,3.57,1.0,3.57,0.0,0.0,47194.950089387195
2010-07-01,USA,USD,United States,3.733333333,1.0,3.733333333,0.04575163389355748,0.04575163389355748,48650.664322723205
2011-07-01,USA,USD,United States,4.065,1.0,4.065,0.0888392858115036,0.0888392858115036,50065.9789470675
2012-07-01,USA,USD,United States,4.3275,1.0,4.3275,0.06457564575645738,0.06457564575645738,51784.4114692048
2013-07-01,USA,USD,United States,4.556666667,1.0,4.556666667,0.05295590225303301,0.05295590225303301,53409.7507774372
2014-07-01,USA,USD,United States,4.795,1.0,4.795,0.05230431594350369,0.05230431594350369,55304.3155317137
2015-07-01,USA,USD,United States,4.79,1.0,4.79,-0.0010427528675703635,-0.0010427528675703635,57040.208213660495
2016-07-01,USA,USD,United States,5.04,1.0,5.04,0.05219206680584551,0.05219206680584551,58206.6141931844
2017-07-01,USA,USD,United States,5.3,1.0,5.3,0.05158730158730154,0.05158730158730154,60322.2614241747
2018-07-01,USA,USD,United States,5.51,1.0,5.51,0.03962264150943395,0.03962264150943395,63201.0458483771
2019-07-09,USA,USD,United States,5.74,1.0,5.74,0.04174228675136124,0.04174228675136124,65548.07078475719
2020-07-01,USA,USD,United States,5.71,1.0,5.71,-0.005226480836236977,-0.005226480836236977,64317.398912504
2000-04-01,HUN,HUF,Hungary,339.0,279.0,1.21505376344086,,,4624.2816567029495
2001-04-01,HUN,HUF,Hungary,399.0,303.0,1.31683168316832,0.08376412862525469,0.17699115044247787,5276.0331890549605
2002-04-01,HUN,HUF,Hungary,459.0,272.0,1.6875,0.28148496240601195,0.15037593984962405,6655.33300865319
2003-04-01,HUN,HUF,Hungary,490.0,224.0,2.1875,0.2962962962962963,0.06753812636165578,8419.43087098103
2004-05-01,HUN,HUF,Hungary,530.0,211.0,2.51184834123223,0.14827352742044805,0.08163265306122448,10301.703394674301
2005-06-01,HUN,HUF,Hungary,530.0,203.643,2.6025937547571,0.03612694764858027,0.0,11223.3993032598
2006-05-01,HUN,HUF,Hungary,560.0,206.3444,2.71390936705818,0.0427710287468468,0.05660377358490566,11489.5608654088
2007-06-01,HUN,HUF,Hungary,600.0,180.2106,3.3294378910008597,0.2268051142068534,0.07142857142857142,13940.9092761999
2008-06-01,HUN,HUF,Hungary,670.0,144.2578,4.64446289905988,0.394969076195535,0.11666666666666667,15772.330083938301
2009-07-01,HUN,HUF,Hungary,720.0,199.1577,3.61522552228711,-0.22160525321046384,0.07462686567164178,13077.305465178
2010-07-01,HUN,HUF,Hungary,740.0,221.96915,3.33379661092544,-0.07784546486151962,0.027777777777777776,13217.5045951108
2011-07-01,HUN,HUF,Hungary,760.0,188.0724,4.04099697775963,0.21213062744036934,0.02702702702702703,14234.471576937
2012-07-01,HUN,HUF,Hungary,830.0,238.2151,3.48424596089836,-0.13777565782044676,0.09210526315789473,12984.836573013301
2013-07-01,HUN,HUF,Hungary,860.0,228.46200000000002,3.7643021596589397,0.08037784987153186,0.03614457831325301,13715.0703590361
2014-07-01,HUN,HUF,Hungary,860.0,228.30615,3.76687180787727,0.0006826360130886011,0.0,14294.2584180751
2015-07-01,HUN,HUF,Hungary,900.0,282.8778,3.1815858296409303,-0.15537719574432865,0.046511627906976744,12717.038597002
2016-07-01,HUN,HUF,Hungary,900.0,285.6397,3.15082252221943,-0.009669174137908465,0.0,13104.699545745802
2017-07-01,HUN,HUF,Hungary,862.0,268.6239,3.20894752849616,0.018447565950425765,-0.042222222222222223,14621.2395956755
2018-07-01,HUN,HUF,Hungary,850.0,276.4302,3.07491728472504,-0.04176766450086883,-0.013921113689095127,16425.2050299693
2019-07-09,HUN,HUF,Hungary,900.0,290.5412,3.0976673876200698,0.007398606462698386,0.058823529411764705,16786.2136399075
2020-07-01,HUN,HUF,Hungary,900.0,311.37795,2.8903780759042204,-0.06691787263677437,0.0,16131.9540355923
2000-04-01,GBR,GBP,Britain,1.9,0.632911392,3.0020000019212802,,,28280.926786099
2001-04-01,GBR,GBP,Britain,1.99,0.699300699,2.84570000122365,-0.05206529000586218,0.04736842105263162,27906.569502964103
2002-04-01,GBR,GBP,Britain,1.99,0.689655172,2.8855000017313,0.013986014158391957,0.0,30077.741432188
2003-04-01,GBR,GBP,Britain,1.99,0.632911392,3.1442000020122896,0.08965517245737988,0.0,34442.6875402308
2004-05-01,GBR,GBP,Britain,1.88,0.558659218,3.3651999992596604,0.07028814868835657,-0.05527638190954779,40366.888665096805
2005-06-01,GBR,GBP,Britain,1.88,0.546448087,3.44040000271792,0.022346369747653486,0.0,42104.7884375024
2006-05-01,GBR,GBP,Britain,1.94,0.531801744,3.64797600212458,0.06033484456536294,0.03191489361702131,44512.459029686506
2007-06-01,GBR,GBP,Britain,1.99,0.49661063200000005,4.0071635034990605,0.0984621338422429,0.025773195876288683,50397.68549547059
2008-06-01,GBR,GBP,Britain,2.29,0.5010396570000001,4.5704965026351205,0.1405814857926703,0.15075376884422112,47396.1202078484
2009-07-01,GBR,GBP,Britain,2.29,0.620886626,3.6882740006063504,-0.19302552830313394,0.0,38744.131693043
2010-07-01,GBR,GBP,Britain,2.29,0.657375756,3.48354799990525,-0.05550726455448907,0.0,39598.957119545
2011-07-01,GBR,GBP,Britain,2.39,0.614137444,3.8916369997462703,0.11714751737370066,0.0436681222707424,42109.641879574905
2012-07-01,GBR,GBP,Britain,2.69,0.646266197,4.1623715002999,0.0695682820805953,0.12552301255230117,42497.340497432204
2013-07-01,GBR,GBP,Britain,2.69,0.669142494,4.02007049936362,-0.03418748204623911,0.0,43426.2981405143
2014-07-01,GBR,GBP,Britain,2.89,0.586785589,4.92513799618893,0.22513722009815063,0.07434944237918223,47439.6165895125
2015-07-01,GBR,GBP,Britain,2.89,0.640450877,4.512446002943019,-0.08379298073784977,0.0,44964.3911437292
2016-07-01,GBR,GBP,Britain,2.99,0.758840492,3.9402219985909803,-0.12681016104765216,0.034602076124567505,40985.2351382417
2017-07-01,GBR,GBP,Britain,3.19,0.775885479,4.11143150160695,0.04345174030224548,0.06688963210702331,40572.1214823783
2018-07-01,GBR,GBP,Britain,3.19,0.7538635506973241,4.231535,0.029212087893500698,0.0,43203.814105773905
2019-07-09,GBR,GBP,Britain,3.29,0.8021819348628271,4.101314,-0.03077393900794858,0.03134796238244517,42662.5353740311
2020-07-01,GBR,GBP,Britain,3.39,0.792550029720626,4.2773325,0.042917586900198236,0.030395136778115527,40217.009011698596
2000-04-01,DNK,DKK,Denmark,24.75,8.04,3.07835820895522,,,30743.547681635402
2001-04-01,DNK,DKK,Denmark,24.75,8.46,2.92553191489362,-0.04964539007091985,0.0,30751.654348268
2002-04-01,DNK,DKK,Denmark,24.75,8.38,2.9534606205250604,0.00954653937947422,0.0,33228.6935448819
2003-04-01,DNK,DKK,Denmark,27.75,6.78,4.0929203539823,0.38580495217663285,0.12121212121212122,40458.777398660895
2004-05-01,DNK,DKK,Denmark,27.75,6.22,4.46141479099679,0.0900321543408377,0.0,46511.5983324305
2005-06-01,DNK,DKK,Denmark,27.75,6.0647,4.57565914224941,0.025607202334821486,0.0,48799.8256011275
2006-05-01,DNK,DKK,Denmark,27.75,5.81825,4.76947535771065,0.0423580973660462,0.0,52026.999514272306
2007-06-01,DNK,DKK,Denmark,27.75,5.4603,5.0821383440470305,0.06555500613519438,0.0,58487.054967769596
2008-06-01,DNK,DKK,Denmark,28.0,4.7044,5.951874840574781,0.17113593484650355,0.009009009009009009,64322.0635020842
2009-07-01,DNK,DKK,Denmark,29.5,5.3375,5.52693208430913,-0.07139645366343311,0.05357142857142857,58163.2768762815
2010-07-01,DNK,DKK,Denmark,28.5,5.81365,4.90225589775786,-0.11302403883787808,-0.03389830508474576,58041.398436338495
2011-07-01,DNK,DKK,Denmark,28.5,5.19845,5.48240340870837,0.1183429676153485,0.0,61753.647131977
2012-07-01,DNK,DKK,Denmark,28.5,6.1356,4.6450224916878495,-0.15273974835387089,0.0,58507.5080517852
2013-07-01,DNK,DKK,Denmark,28.5,5.8006,4.9132848326035194,0.05775264627797144,0.0,61191.1937042028
2014-07-01,DNK,DKK,Denmark,28.5,5.5388,5.14551888495703,0.04726655593269392,0.0,62548.9847332908
2015-07-01,DNK,DKK,Denmark,34.59,6.81105,5.07851212368137,-0.013022352608899224,0.21368421052631592,53254.8563700916
2016-07-01,DNK,DKK,Denmark,30.0,6.75715,4.43974160703847,-0.12577906699568156,-0.1326973113616653,54663.9983719195
2017-07-01,DNK,DKK,Denmark,30.0,6.51255,4.60649054517816,0.03755825291168699,0.0,57610.0981801135
2018-07-01,DNK,DKK,Denmark,30.0,6.3591,4.71764872387602,0.024130773222624854,0.0,61591.928869895804
2019-07-09,DNK,DKK,Denmark,30.0,6.6593,4.50497800069076,-0.04507981319357962,0.0,59592.9806886454
2020-07-01,DNK,DKK,Denmark,30.0,6.54935,4.580607235832559,0.016787925519326202,0.0,60836.5924121638
2000-04-01,SWE,SEK,Sweden,24.0,8.84,2.7149321266968296,,,29624.9126748618
2001-04-01,SWE,SEK,Sweden,24.0,10.28,2.33463035019455,-0.14007782101167313,0.0,27247.857734792997
2002-04-01,SWE,SEK,Sweden,26.0,10.4,2.5,0.07083333333333448,0.08333333333333333,29899.195249508102
2003-04-01,SWE,SEK,Sweden,30.0,8.34,3.5971223021582697,0.43884892086330785,0.15384615384615385,37321.7979047059
2004-05-01,SWE,SEK,Sweden,30.0,7.61,3.9421813403416603,0.0959264126149827,0.0,42821.6731423358
2005-06-01,SWE,SEK,Sweden,31.0,7.4402,4.16655466250907,0.05691603272313294,0.03333333333333333,43437.0631164776
2006-05-01,SWE,SEK,Sweden,33.0,7.28455,4.53013569815569,0.08726179423928974,0.06451612903225806,46593.602164611104
2007-06-01,SWE,SEK,Sweden,33.0,6.79165,4.8589076292211795,0.07257441122554872,0.0,53700.0053363063
2008-06-01,SWE,SEK,Sweden,38.0,5.96085,6.374929749951769,0.31200883746242125,0.15151515151515152,56152.552340314
2009-07-01,SWE,SEK,Sweden,39.0,7.90915,4.930997641971639,-0.2265016501540357,0.02631578947368421,46946.9602719954
2010-07-01,SWE,SEK,Sweden,48.4,7.37355,6.564002414033951,0.3311712741783753,0.241025641025641,52869.0442891587
2011-07-01,SWE,SEK,Sweden,48.4,6.3352,7.6398535168581905,0.1639016921328444,0.0,60755.7595508465
2012-07-01,SWE,SEK,Sweden,39.97301987,6.9777,5.72868135202144,-0.2501582210469789,-0.17411115971074373,58037.821319217306
2013-07-01,SWE,SEK,Sweden,41.61,6.7583,6.156873770030921,0.07474537187487085,0.04095212559180603,61126.9431963979
2014-07-01,SWE,SEK,Sweden,40.7,6.836,5.9537741369221795,-0.03298746095743349,-0.021869742850276295,60020.360457657196
2015-07-01,SWE,SEK,Sweden,43.7,8.52265,5.127513156119281,-0.1387793627707276,0.07371007371007371,51545.483609532195
2016-07-01,SWE,SEK,Sweden,44.94,8.59485,5.228712542976321,0.0197365435788822,0.02837528604118981,51965.157153198496
2017-07-01,SWE,SEK,Sweden,48.97,8.41565,5.81892070131244,0.11287829527537152,0.08967512238540279,53791.5087298403
2018-07-01,SWE,SEK,Sweden,51.0,8.7526,5.826840024678379,0.0013609608675630382,0.04145395139881562,54589.0603860606
2019-07-09,SWE,SEK,Sweden,51.0,9.47505,5.38255734798233,-0.07624761874607526,0.0,51939.4297445291
2020-07-01,SWE,SEK,Sweden,52.6,9.1384,5.75593101637048,0.06936733679727732,0.03137254901960787,52837.9039778149
2000-04-01,NZL,NZD,New Zealand,3.4,2.01,1.69154228855721,,,13641.102718382199
2001-04-01,NZL,NZD,New Zealand,3.6,2.47,1.4574898785425099,-0.13836627768516127,0.05882352941176476,13882.8568268586
2002-04-01,NZL,NZD,New Zealand,3.6,2.24,1.60714285714286,0.10267857142857363,0.0,16874.1874918196
2003-04-01,NZL,NZD,New Zealand,3.95,1.78,2.21910112359551,0.3807740324594259,0.09722222222222224,21913.708171996102
2004-05-01,NZL,NZD,New Zealand,4.35,1.64,2.6524390243902403,0.1952763198518021,0.10126582278480999,25420.234882943998
2005-06-01,NZL,NZD,New Zealand,4.45,1.4023,3.1733580546245497,0.19639246197339508,0.02298850574712656,27751.0654708859
2006-05-01,NZL,NZD,New Zealand,4.45,1.62101,2.74520206537899,-0.13492205476832525,0.0,26654.5932018985
2007-06-01,NZL,NZD,New Zealand,4.6,1.2797,3.59459248261311,0.3094090697170071,0.03370786516853921,32479.9817381467
2008-06-01,NZL,NZD,New Zealand,4.9,1.3177,3.7186005919405,0.034498516849187234,0.06521739130434799,31252.9625640673
2009-07-01,NZL,NZD,New Zealand,4.9,1.59235,3.0772129242942796,-0.1724809244198827,0.0,28209.3623271229
2010-07-01,NZL,NZD,New Zealand,5.0,1.39275766,3.5900000004307997,0.16664010218081396,0.020408163265306048,33676.7741239925
2011-07-01,NZL,NZD,New Zealand,5.1,1.1560693640000002,4.41150000061761,0.22883008359003637,0.019999999999999928,38388.5280906616
2012-07-01,NZL,NZD,New Zealand,5.1,1.273560876,4.004520000659951,-0.09225433523760225,0.0,39974.2997334925
2013-07-01,NZL,NZD,New Zealand,5.5,1.279344975,4.29907500125211,0.07355563227143729,0.07843137254901968,42977.388040868
2014-07-01,NZL,NZD,New Zealand,5.7,1.152737752,4.94475000069227,0.1501892847303448,0.0363636363636364,44578.225386801605
2015-07-01,NZL,NZD,New Zealand,5.9,1.509092281,3.90963499998182,-0.20933616473341077,0.03508771929824565,38639.3501941427
2016-07-01,NZL,NZD,New Zealand,6.0,1.4213630869999998,4.221300000595839,0.07971716045499602,0.01694915254237282,40070.8956577431
2017-07-01,NZL,NZD,New Zealand,6.1,1.376273053,4.43225999862689,0.04997512567248796,0.016666666666666607,42913.186956185
2018-07-01,NZL,NZD,New Zealand,6.2,1.4643432420559401,4.23397999999999,-0.044735642468701445,0.016393442622950907,43228.6976473771
2019-07-09,NZL,NZD,New Zealand,6.4,1.5134317063942502,4.2288,-0.001223435160296087,0.03225806451612906,42747.2099299966
2020-07-01,NZL,NZD,New Zealand,6.6,1.5177961599757201,4.348409999999991,0.028284619750281615,0.03124999999999989,41785.6922905898
2000-04-01,IDN,IDR,Indonesia,14500.0,7945.0,1.82504719949654,,,770.865351580294
2001-04-01,IDN,IDR,Indonesia,14700.0,10855.0,1.35421464762782,-0.2579837672135846,0.013793103448275862,739.0039465353551
2002-04-01,IDN,IDR,Indonesia,16000.0,9430.0,1.69671261930011,0.2529126178573273,0.08843537414965986,888.9013896656551
2003-04-01,IDN,IDR,Indonesia,16100.0,8740.0,1.8421052631578898,0.08569078947367872,0.00625,1052.41319921916
2004-05-01,IDN,IDR,Indonesia,16100.0,9120.0,1.76535087719298,-0.04166666666666543,0.0,1136.75521127965
2005-06-01,IDN,IDR,Indonesia,14600.0,9545.0,1.5295966474594,-0.13354525311616472,-0.09316770186335403,1249.39769359418
2006-05-01,IDN,IDR,Indonesia,14600.0,9325.0,1.5656836461126,0.023592493297588658,0.0,1572.79793972155
2007-06-01,IDN,IDR,Indonesia,15900.0,9015.0,1.76372712146423,0.12649009641465414,0.08904109589041095,1840.32992667702
2008-06-01,IDN,IDR,Indonesia,18700.0,9152.0,2.04326923076923,0.15849510159651375,0.1761006289308176,2144.38954419287
2009-07-01,IDN,IDR,Indonesia,20900.0,10200.0,2.0490196078431397,0.0028143021914664424,0.11764705882352941,2239.0952652989604
2010-07-01,IDN,IDR,Indonesia,22780.0,9063.0,2.5135164956416203,0.22669226103083712,0.08995215311004785,3094.44307866403
2011-07-01,IDN,IDR,Indonesia,22534.0,8523.0,2.64390472838203,0.05187482674830253,-0.01079894644424934,3613.8008884858
2012-07-01,IDN,IDR,Indonesia,24200.0,9482.5,2.55206960189823,-0.03473465798444244,0.07393272388390876,3668.2120833709705
2013-07-01,IDN,IDR,Indonesia,27939.0,9965.0,2.80371299548419,0.09860365618507737,0.15450413223140497,3602.8855168062896
2014-07-01,IDN,IDR,Indonesia,27939.0,11505.0,2.42842242503259,-0.13385484571925277,0.0,3476.62485441547
2015-07-01,IDN,IDR,Indonesia,30500.0,13344.5,2.28558582187418,-0.05881868067352119,0.09166398224703819,3322.5816789544397
2016-07-01,IDN,IDR,Indonesia,31000.0,13112.5,2.36415633937083,0.034376533466690035,0.01639344262295082,3558.818851757371
2017-07-01,IDN,IDR,Indonesia,32126.0,13369.5,2.40293204682299,0.01640149883762743,0.03632258064516129,3839.7850746049103
2018-07-01,IDN,IDR,Indonesia,31500.0,14360.0,2.19359331476323,-0.08711804078543754,-0.019485774761875116,3902.6616755590003
2019-07-09,IDN,IDR,Indonesia,32000.0,14130.0,2.26468506723284,0.03240881160201894,0.015873015873015872,4151.22755440796
2020-07-01,IDN,IDR,Indonesia,34000.0,14435.0,2.35538621406304,0.04005022514721022,0.0625,3895.6181520022496
2000-04-01,CHL,CLP,Chile,1260.0,514.0,2.45136186770428,,,5102.96876097291
2001-04-01,CHL,CLP,Chile,1260.0,601.0,2.09650582362729,-0.14475873544093082,0.0,4610.59269482557
2002-04-01,CHL,CLP,Chile,1400.0,655.0,2.13740458015267,0.019508057675994724,0.1111111111111111,4477.18785195496
2003-04-01,CHL,CLP,Chile,1400.0,716.0,1.9553072625698302,-0.08519553072625724,0.0,4823.257420974171
2004-05-01,CHL,CLP,Chile,1400.0,641.0,2.18408736349454,0.11700468018720891,0.0,6185.3037878327395
2005-06-01,CHL,CLP,Chile,1500.0,592.45,2.53185922862689,0.1592298325355974,0.07142857142857142,7560.543668238271
2006-05-01,CHL,CLP,Chile,1560.0,529.95,2.9436739315029703,0.162653080479289,0.04,9418.27492735073
2007-06-01,CHL,CLP,Chile,1565.0,526.75,2.9710488846701497,0.00929958745573509,0.003205128205128205,10456.8323890899
2008-06-01,CHL,CLP,Chile,1550.0,494.65,3.13352875770747,0.05468771445521309,-0.009584664536741214,10797.0473705117
2009-07-01,CHL,CLP,Chile,1750.0,548.55,3.1902287849785798,0.01809462483203506,0.12903225806451613,10204.5588537616
2010-07-01,CHL,CLP,Chile,1750.0,523.65,3.34192685954359,0.047550845030077935,0.0,12764.5931178671
2011-07-01,CHL,CLP,Chile,1850.0,462.75,3.99783900594273,0.1962676545496625,0.05714285714285714,14637.7561550875
2012-07-01,CHL,CLP,Chile,2050.0,493.05,4.1577933272487595,0.04001019577533261,0.10810810810810811,15397.7804504673
2013-07-01,CHL,CLP,Chile,2000.0,508.155,3.93580698802531,-0.053390421733717934,-0.024390243902439025,15842.159166151001
2014-07-01,CHL,CLP,Chile,2100.0,564.14,3.72248023540256,-0.05420152798950668,0.05,14675.1508630779
2015-07-01,CHL,CLP,Chile,2100.0,642.45,3.26873686668223,-0.12189275429994617,0.0,13567.3572174332
2016-07-01,CHL,CLP,Chile,2300.0,651.12,3.53237498464185,0.08065443280150383,0.09523809523809523,13788.2400083224
2017-07-01,CHL,CLP,Chile,2550.0,663.355,3.84409554461789,0.08824673522243436,0.10869565217391304,15034.058435071101
2018-07-01,CHL,CLP,Chile,2640.0,651.73,4.05075721541129,0.05376080495260999,0.03529411764705882,15820.0333659534
2019-07-09,CHL,CLP,Chile,2640.0,689.75,3.82747372236318,-0.05512142080463811,0.0,14616.207251376101
2020-07-01,CHL,CLP,Chile,2740.0,787.7,3.4784816554525797,-0.09118078717863111,0.03787878787878788,13162.591351970701
2000-04-01,HKG,HKD,Hong Kong,10.2,7.79,1.30937098844673,,,25756.772872370402
2001-04-01,HKG,HKD,Hong Kong,10.7,7.8,1.3717948717948703,0.04767471091000115,0.04901960784313726,25230.3780910304
2002-04-01,HKG,HKD,Hong Kong,11.2,8.0,1.4,0.020560747663552485,0.04672897196261683,24665.836231821602
2003-04-01,HKG,HKD,Hong Kong,11.5,7.8,1.47435897435897,0.05311355311355007,0.02678571428571435,23977.1734120477
2004-05-01,HKG,HKD,Hong Kong,12.0,7.79,1.54043645699615,0.04481777083217435,0.043478260869565216,24928.100372255096
2005-06-01,HKG,HKD,Hong Kong,12.0,7.7807,1.54227768709756,0.0011952652074987415,0.0,26649.637724155
2006-05-01,HKG,HKD,Hong Kong,12.0,7.7533,1.54772806417912,0.003533979079874451,0.0,28224.0951563146
2007-06-01,HKG,HKD,Hong Kong,12.0,7.81555,1.5354005796137198,-0.00796489050674315,0.0,30593.9511738646
2008-06-01,HKG,HKD,Hong Kong,13.3,7.7974,1.7056967707184398,0.11091319969904116,0.10833333333333339,31515.529210344303
2009-07-01,HKG,HKD,Hong Kong,13.3,7.7505,1.71601832139862,0.006051222501777211,0.0,30697.538386164102
2010-07-01,HKG,HKD,Hong Kong,14.8,7.7742,1.90373285997273,0.10938958881343146,0.11278195488721804,32550.136489179
2011-07-01,HKG,HKD,Hong Kong,15.1,7.7918,1.93793475191868,0.01796569921393281,0.0202702702702702,35142.4879344543
2012-07-01,HKG,HKD,Hong Kong,16.5,7.75815,2.126795692272,0.09745474669172202,0.0927152317880795,36730.796195815
2013-07-01,HKG,HKD,Hong Kong,17.0,7.75665,2.19166779473097,0.030502272829821677,0.030303030303030304,38403.7777145477
2014-07-01,HKG,HKD,Hong Kong,18.8,7.75045,2.42566560651317,0.1067670074564942,0.10588235294117651,40315.3739510191
2015-07-01,HKG,HKD,Hong Kong,19.2,7.7508,2.47716364762347,0.021230478336347097,0.021276595744680774,42432.1619740441
2016-07-01,HKG,HKD,Hong Kong,19.2,7.7554,2.4756943549011,-0.0005931351058617653,0.0,43734.1980702999
2017-07-01,HKG,HKD,Hong Kong,19.2,7.8115,2.45791461307047,-0.0071817192600659606,0.0,46160.429791493
2018-07-01,HKG,HKD,Hong Kong,20.0,7.84825,2.54833880164368,0.036788986929147435,0.041666666666666706,48537.5668888343
2019-07-09,HKG,HKD,Hong Kong,20.5,7.8105,2.6246719160105,0.029954068241469733,0.025,48359.001195059696
2020-07-01,HKG,HKD,Hong Kong,20.5,7.75095,2.64483708448642,0.0076829291893254666,0.0,46109.2299946609
2000-04-01,CZE,CZK,Czech Republic,54.37,39.1,1.39053708439898,,,6029.038192753579
2001-04-01,CZE,CZK,Czech Republic,56.0,39.0,1.4358974358974401,0.032620742019308244,0.029979768254552192,6637.04165713981
2002-04-01,CZE,CZK,Czech Republic,56.28,34.0,1.6552941176470601,0.15279411764705636,0.00500000000000002,8060.868702924241
2003-04-01,CZE,CZK,Czech Republic,56.57,28.9,1.9574394463667801,0.1825327145783666,0.0051528073916133465,9818.56849307488
2004-05-01,CZE,CZK,Czech Republic,56.42,26.5,2.12905660377359,0.0876743123396997,-0.002651582110659335,11749.8526643577
2005-06-01,CZE,CZK,Czech Republic,56.42,24.5409,2.2990191883753197,0.07982999808482497,0.0,13430.6698955613
2006-05-01,CZE,CZK,Czech Republic,59.05,22.1078,2.67100299441826,0.16180108801345636,0.046614675646933626,15261.797591113798
2007-06-01,CZE,CZK,Czech Republic,52.9,21.11675,2.5051203428557898,-0.062105003966346745,-0.10414902624894155,18466.5479299216
2008-06-01,CZE,CZK,Czech Republic,66.08,14.49795,4.55788577005715,0.8194278702240894,0.24914933837429112,22804.5776774507
2009-07-01,CZE,CZK,Czech Republic,67.92,18.66155,3.63956906044782,-0.20147865829419762,0.027845036319612642,19861.6974295256
2010-07-01,CZE,CZK,Czech Republic,67.64,19.7476,3.4252263566205494,-0.058892330456534144,-0.0041224970553592625,19960.0684872157
2011-07-01,CZE,CZK,Czech Republic,69.32,17.0219,4.072400848318931,0.18894356877975993,0.02483737433471308,21871.2660754128
2012-07-01,CZE,CZK,Czech Republic,70.33,21.048000000000002,3.34141011022425,-0.1794987196303209,0.014570109636468627,19870.8012123403
2013-07-01,CZE,CZK,Czech Republic,70.45,20.1828,3.49059595298967,0.04464757029043886,0.0017062420019906804,20133.1691431353
2014-07-01,CZE,CZK,Czech Republic,70.45,20.3877,3.4555148447348194,-0.010050177312789257,0.0,19890.9199056648
2015-07-01,CZE,CZK,Czech Republic,70.0,24.70225,2.83374996204799,-0.1799340794713167,-0.00638750887154014,17829.6983223668
2016-07-01,CZE,CZK,Czech Republic,75.0,24.54655,3.0554191933285897,0.07822469669144574,0.07142857142857142,18575.232027191498
2017-07-01,CZE,CZK,Czech Republic,75.0,22.8561,3.2813997138619397,0.07396056195063883,0.0,20636.199952435
2018-07-01,CZE,CZK,Czech Republic,75.0,22.06475,3.39908677868546,0.03586489763083826,0.0,23424.4804601855
2019-07-09,CZE,CZK,Czech Republic,85.0,22.7993,3.7281846372476397,0.09681949299613134,0.13333333333333333,23664.8478631108
2020-07-01,CZE,CZK,Czech Republic,89.0,23.4134,3.80124202379834,0.01959596791982798,0.047058823529411764,22992.8793833348
2000-04-01,EUZ,EUR,Euro area,2.56,1.075268817,2.38080000045235,,,
2001-04-01,EUZ,EUR,Euro area,2.57,1.136363636,2.26160000072371,-0.05006720417758402,0.0039062499999999167,
2002-04-01,EUZ,EUR,Euro area,2.67,1.123595506,2.37629999919206,0.050716306345793334,0.03891050583657591,
2003-04-01,EUZ,EUR,Euro area,2.71,0.9090909090000001,2.9810000002981,0.254471237348667,0.014981273408239714,
2004-05-01,EUZ,EUR,Euro area,2.74,0.833333333,3.2880000013152,0.10298557564119427,0.011070110701107102,
2005-06-01,EUZ,EUR,Euro area,2.92,0.814929509,3.58313199823029,0.08976033965846618,0.0656934306569342,
2006-05-01,EUZ,EUR,Euro area,2.9395735289999996,0.780365992,3.7669164970479603,0.05129157924085456,0.006703263356164262,
2007-06-01,EUZ,EUR,Euro area,3.057482443,0.7337564659999999,4.1668899487422,0.10618059943927316,0.040110891201320414,
2008-06-01,EUZ,EUR,Euro area,3.36856,0.630497147,5.342704588003469,0.28218039202503925,0.10174303951023536,
2009-07-01,EUZ,EUR,Euro area,3.31,0.7168972690000001,4.6171189975617,-0.13580866740620506,-0.01738428289833043,
2010-07-01,EUZ,EUR,Euro area,3.3800310710000003,0.78015291,4.33252382664316,-0.06163912410939263,0.021157423262839963,
2011-07-01,EUZ,EUR,Euro area,3.437660401,0.697520315,4.92840183586624,0.13753600281634604,0.017049940899788757,
2012-07-01,EUZ,EUR,Euro area,3.5834822410000005,0.8248443109999999,4.3444346929611095,-0.11849016422632871,0.042418919552839336,
2013-07-01,EUZ,EUR,Euro area,3.6238704889999998,0.777756173,4.65939148386547,0.07249661075919865,0.011270670616949568,
2014-07-01,EUZ,EUR,Euro area,3.67923829,0.7427489140000001,4.95354246993891,0.06313077299729489,0.015278636796779868,
2015-07-01,EUZ,EUR,Euro area,3.7,0.9127002240000001,4.05390499827466,-0.18161497092712806,0.005642937033034731,
2016-07-01,EUZ,EUR,Euro area,3.82,0.908306463,4.20562899815015,0.037426629370955464,0.03243243243243234,
2017-07-01,EUZ,EUR,Euro area,3.91,0.875695083,4.4650244998577895,0.06167817033355411,0.02356020942408385,
2018-07-01,EUZ,EUR,Euro area,4.04,0.8532059212490941,4.735082,0.06048287084445159,0.033248081841432194,
2019-07-09,EUZ,EUR,Euro area,4.08,0.892339267389462,4.572252,-0.03438800003885898,0.00990099009900991,
2020-07-01,EUZ,EUR,Euro area,4.21,0.8796235211329549,4.7861385,0.046779245763356896,0.031862745098039186,
2000-04-01,JPN,JPY,Japan,294.0,106.0,2.77358490566038,,,39169.3595701504
2001-04-01,JPN,JPY,Japan,294.0,124.0,2.37096774193548,-0.14516129032258288,0.0,34406.1824638092
2002-04-01,JPN,JPY,Japan,262.0,130.0,2.01538461538462,-0.14997383568811798,-0.10884353741496598,32820.7936433254
2003-04-01,JPN,JPY,Japan,262.0,120.0,2.18333333333333,0.0833333333333291,0.0,35387.037420359906
2004-05-01,JPN,JPY,Japan,262.0,113.0,2.31858407079646,0.06194690265486869,0.0,38298.980171230294
2005-06-01,JPN,JPY,Japan,250.0,106.715,2.34268846928735,0.010396171868208461,-0.04580152671755725,37812.8950199948
2006-05-01,JPN,JPY,Japan,250.0,112.105,2.23005218322109,-0.04807992507024391,0.0,35991.546002862
2007-06-01,JPN,JPY,Japan,280.0,122.315,2.2891714017087,0.026510239954214112,0.12,35779.0245416427
2008-06-01,JPN,JPY,Japan,280.0,106.855,2.62037340320996,0.1446820457629523,0.0,39876.3039685725
2009-07-01,JPN,JPY,Japan,320.0,92.565,3.45703019499811,0.3192891481661525,0.14285714285714285,41308.9968370512
2010-07-01,JPN,JPY,Japan,320.0,87.18,3.67056664372563,0.06176875430144651,0.0,44968.156234973896
2011-07-01,JPN,JPY,Japan,320.0,78.365,4.08345562432208,0.11248644165124519,0.0,48760.078949421106
2012-07-01,JPN,JPY,Japan,320.0,78.22,4.09102531321913,0.001853745845054084,0.0,49145.28043081929
2013-07-01,JPN,JPY,Japan,320.0,100.105,3.1966435242994904,-0.21862044852904414,0.0,40898.6478964744
2014-07-01,JPN,JPY,Japan,370.0,101.53,3.6442430808628,0.14002173003053134,0.15625,38475.3952461838
2015-07-01,JPN,JPY,Japan,370.0,123.935,2.98543591398717,-0.1807802477104938,0.0,34960.6393843385
2016-07-01,JPN,JPY,Japan,370.0,106.725,3.46685406418365,0.16125556336378594,0.0,39375.4731620781
2017-07-01,JPN,JPY,Japan,380.0,113.06,3.36104723155846,-0.030519551924117292,0.02702702702702703,38834.0529341227
2018-07-01,JPN,JPY,Japan,390.0,111.25,3.50561797752809,0.04301360141927995,0.02631578947368421,39751.1330982711
2019-07-09,JPN,JPY,Japan,390.0,108.765,3.58571231554268,0.022847423343905476,0.0,40415.9567649547
2020-07-01,JPN,JPY,Japan,390.0,107.275,3.6355161966907503,0.013889536238640705,0.0,40040.7655055923
