date,iso_a3,currency_code,name,local_price,dollar_ex,dollar_price,GDP
2000-04-01,BRA,BRL,Brazil,2.95,1.79,1.64804469273743,3726.81166909716
2001-04-01,BRA,BRL,Brazil,3.6,2.19,1.6438356164383603,3142.23513974908
2002-04-01,BRA,BRL,Brazil,3.6,2.34,1.53846153846154,2824.71541300038
2003-04-01,BRA,BRL,Brazil,4.55,3.07,1.4820846905537501,3056.6497976949395
2004-05-01,BRA,BRL,Brazil,5.4,3.18,1.6981132075471699,3623.22446166485
2005-06-01,BRA,BRL,Brazil,5.9,2.4648,2.39370334307043,4773.26855132261
2006-05-01,BRA,BRL,Brazil,6.4,2.3045,2.77717509221089,5866.023414271651
2007-06-01,BRA,BRL,Brazil,6.9,1.913,3.60690015682175,7323.19159375818
2008-06-01,BRA,BRL,Brazil,7.5,1.5846,4.73305566073457,8801.75787553359
2009-07-01,BRA,BRL,Brazil,8.03,1.9971,4.0208302037955,8569.90254736072
2010-07-01,BRA,BRL,Brazil,8.71,1.77495,4.907180483957299,11249.291890435201
2011-07-01,BRA,BRL,Brazil,9.5,1.5416,6.1624286455630495,13200.556234878899
2012-07-01,BRA,BRL,Brazil,10.08,2.04215,4.935974340768309,12327.5131013057
2013-07-01,BRA,BRL,Brazil,12.0,2.27065,5.28483033492612,12258.5657091866
2014-07-01,BRA,BRL,Brazil,13.0,2.22025,5.855196486882111,12071.4044637296
2015-07-01,BRA,BRL,Brazil,13.5,3.15235,4.28251939029613,8783.2154236384
2016-07-01,BRA,BRL,Brazil,15.5,3.24145,4.78181060944948,8680.73646873878
2017-07-01,BRA,BRL,Brazil,16.5,3.2343,5.10156757258139,9896.718895005279
2018-07-01,BRA,BRL,Brazil,16.9,3.83835,4.4029335521773705,9121.02099480377
2019-07-09,BRA,BRL,Brazil,17.5,3.8073,4.59643316786174,8845.32414932264
2020-07-01,BRA,BRL,Brazil,20.9,5.34045,3.9135278862268197,6923.6999117682
2000-04-01,ARG,ARS,Argentina,2.5,1.0,2.5,7666.517834237829
2001-04-01,ARG,ARS,Argentina,2.5,1.0,2.5,7168.975872329109
2002-04-01,ARG,ARS,Argentina,2.5,3.13,0.7987220447284351,2579.48876933284
2003-04-01,ARG,ARS,Argentina,4.1,2.88,1.42361111111111,3333.1529038899703
2004-05-01,ARG,ARS,Argentina,4.36,2.95,1.4779661016949202,4258.16026060875
2005-06-01,ARG,ARS,Argentina,4.75,2.897,1.6396272005522998,5086.62776073134
2006-05-01,ARG,ARS,Argentina,7.0,3.0565,2.29020121053493,5890.97800169795
2007-06-01,ARG,ARS,Argentina,8.25,3.0915,2.66860747210092,7210.595547558991
2008-06-01,ARG,ARS,Argentina,11.0,3.0195,3.64298724954463,8977.50685093365
2009-07-01,ARG,ARS,Argentina,11.5,3.81125,3.0173827484421096,8184.389889239909
2010-07-01,ARG,ARS,Argentina,14.0,3.93375,3.55894502700985,10385.964431955501
2011-07-01,ARG,ARS,Argentina,20.0,4.1325,4.83968542044767,12848.739151456799
2012-07-01,ARG,ARS,Argentina,19.0,4.56625,4.16096359156857,13082.664325572
2013-07-01,ARG,ARS,Argentina,21.0,5.4125,3.87990762124711,13080.2547323367
2014-07-01,ARG,ARS,Argentina,21.0,8.16875,2.5707727620505,12334.7982453893
2015-07-01,ARG,ARS,Argentina,28.0,9.135,3.06513409961686,13789.060424772
2016-07-01,ARG,ARS,Argentina,50.0,14.935,3.3478406427854,12790.2641396135
2017-07-01,ARG,ARS,Argentina,70.0,16.9675,4.12553410932665,14613.0356486571
2018-07-01,ARG,ARS,Argentina,75.0,27.725,2.7051397655545495,11795.1627452798
2019-07-09,ARG,ARS,Argentina,120.0,41.8045,2.87050437153895,9963.674161716619
2020-07-01,ARG,ARS,Argentina,250.0,71.24065,3.5092324396254106,8500.837938505341
2000-04-01,SGP,SGD,Singapore,3.2,1.7,1.88235294117647,23852.838951475296
2001-04-01,SGP,SGD,Singapore,3.3,1.81,1.8232044198895,21699.7414868907
2002-04-01,SGP,SGD,Singapore,3.3,1.82,1.81318681318681,22159.837371063903
2003-04-01,SGP,SGD,Singapore,3.3,1.78,1.85393258426966,23730.384005456603
2004-05-01,SGP,SGD,Singapore,3.3,1.71,1.9298245614035099,27608.080013422998
2005-06-01,SGP,SGD,Singapore,3.6,1.6607,2.16776058288673,29961.317281273197
2006-05-01,SGP,SGD,Singapore,3.6,1.5873,2.2680022680022702,33768.4528234651
2007-06-01,SGP,SGD,Singapore,3.95,1.52375,2.5922887612797405,39432.8860198877
2008-06-01,SGP,SGD,Singapore,3.95,1.35275,2.9199778229532405,40008.5720489092
2009-07-01,SGP,SGD,Singapore,4.22,1.4645,2.8815295322635697,38926.8054365453
2010-07-01,SGP,SGD,Singapore,4.23,1.3742,3.0781545626546403,47236.683084953
2011-07-01,SGP,SGD,Singapore,4.41,1.20705,3.65353547906052,53891.457026437194
2012-07-01,SGP,SGD,Singapore,4.4,1.2585,3.49622566547477,55547.5553077786
2013-07-01,SGP,SGD,Singapore,4.7,1.2747,3.68714207264454,56967.4257940383
2014-07-01,SGP,SGD,Singapore,4.7,1.238,3.7964458804523398,57564.8023114977
2015-07-01,SGP,SGD,Singapore,4.7,1.3664,3.4396955503512903,55645.6068614606
2016-07-01,SGP,SGD,Singapore,5.45,1.3577,4.01414156293732,56899.91818051731
2017-07-01,SGP,SGD,Singapore,5.6,1.3777,4.06474559047688,61162.0973932771
2018-07-01,SGP,SGD,Singapore,5.8,1.35585,4.27775933915994,66840.6373389791
2019-07-09,SGP,SGD,Singapore,5.8,1.3613,4.26063321824726,66081.7199235165
2020-07-01,SGP,SGD,Singapore,5.9,1.3876,4.251945805707701,61466.803676357995
2000-04-01,CHE,CHF,Switzerland,5.9,1.7,3.4705882352941204,38865.021939688
2001-04-01,CHE,CHF,Switzerland,6.3,1.73,3.64161849710983,39638.7911061864
2002-04-01,CHE,CHF,Switzerland,6.3,1.66,3.79518072289157,42458.7384679187
2003-04-01,CHE,CHF,Switzerland,6.3,1.37,4.5985401459854005,49335.7456291067
2004-05-01,CHE,CHF,Switzerland,6.3,1.29,4.88372093023256,54659.4571488233
2005-06-01,CHE,CHF,Switzerland,6.3,1.2475,5.0501002004007995,56242.8933645639
2006-05-01,CHE,CHF,Switzerland,6.3,1.20885,5.211564710261821,59011.032459201604
2007-06-01,CHE,CHF,Switzerland,6.3,1.2112,5.2014531043593095,64989.1553256031
2008-06-01,CHE,CHF,Switzerland,6.5,1.02215,6.35914493958812,74175.1927898555
2009-07-01,CHE,CHF,Switzerland,6.5,1.08605,5.98499148289674,71568.3123885672
2010-07-01,CHE,CHF,Switzerland,6.5,1.05085,6.185468906123611,76531.3729407691
2011-07-01,CHE,CHF,Switzerland,6.5,0.80615,8.06301556782237,90476.7589651577
2012-07-01,CHE,CHF,Switzerland,6.5,0.9906,6.56167979002625,85836.2076767359
2013-07-01,CHE,CHF,Switzerland,6.5,0.9674,6.7190407277238,87304.33058135571
2014-07-01,CHE,CHF,Switzerland,6.16,0.9024,6.826241134751769,88724.99094026381
2015-07-01,CHE,CHF,Switzerland,6.5,0.9528,6.82199832073888,83806.4476003837
2016-07-01,CHE,CHF,Switzerland,6.5,0.9861,6.59162356758949,82153.07454478889
2017-07-01,CHE,CHF,Switzerland,6.5,0.96415,6.74168957112483,82254.37692697669
2018-07-01,CHE,CHF,Switzerland,6.5,0.99325,6.54417316889001,85217.36915122741
2019-07-09,CHE,CHF,Switzerland,6.5,0.99355,6.54219717175784,84121.9310304414
2020-07-01,CHE,CHF,Switzerland,6.5,0.94125,6.90571049136786,85897.7843338323
2000-04-01,CAN,CAD,Canada,2.85,1.47,1.93877551020408,24271.002056382098
2001-04-01,CAN,CAD,Canada,3.33,1.56,2.1346153846153797,23822.096210932003
2002-04-01,CAN,CAD,Canada,3.33,1.57,2.12101910828025,24256.0192337185
2003-04-01,CAN,CAD,Canada,3.2,1.45,2.20689655172414,28301.864593742797
2004-05-01,CAN,CAD,Canada,3.19,1.37,2.3284671532846697,32145.5412620217
2005-06-01,CAN,CAD,Canada,3.28,1.2494,2.6252601248599303,36383.6600068095
2006-05-01,CAN,CAD,Canada,3.52,1.12045,3.1415948949083,40504.0370977806
2007-06-01,CAN,CAD,Canada,3.88,1.05345,3.6831363614789505,44660.083889228095
2008-06-01,CAN,CAD,Canada,4.09,1.00355,4.07553186189029,46710.252686448395
2009-07-01,CAN,CAD,Canada,3.89,1.16085,3.3509928069948702,40874.8831932903
2010-07-01,CAN,CAD,Canada,4.17,1.04235,4.000575622391709,47560.666600940596
2011-07-01,CAN,CAD,Canada,4.73,0.94585,5.00079293756938,52223.8588398531
2012-07-01,CAN,CAD,Canada,5.12,1.01945,5.02231595468145,52670.344733541504
2013-07-01,CAN,CAD,Canada,5.53,1.05125,5.260404280618309,52638.1187235237
2014-07-01,CAN,CAD,Canada,5.64,1.07405,5.25115218099716,50960.8431174661
2015-07-01,CAN,CAD,Canada,5.85,1.2897,4.53593859036985,43594.1941045394
2016-07-01,CAN,CAD,Canada,6.0,1.3030000000000002,4.60475825019187,42314.0615817218
2017-07-01,CAN,CAD,Canada,5.97,1.2823,4.655696794821809,45129.628116623
2018-07-01,CAN,CAD,Canada,6.65,1.31235,5.0672457804701505,46539.1761570405
2019-07-09,CAN,CAD,Canada,6.77,1.31305,5.1559346559537,46352.8693445211
2020-07-01,CAN,CAD,Canada,6.88,1.3552,5.0767414403778,43537.839298904
2000-04-01,MYS,MYR,Malaysia,4.52,3.8,1.18947368421053,4087.56259349384
2001-04-01,MYS,MYR,Malaysia,4.52,3.8,1.18947368421053,3941.1226662136896
2002-04-01,MYS,MYR,Malaysia,5.04,3.8,1.32631578947368,4177.104941764989
2003-04-01,MYS,MYR,Malaysia,5.04,3.8,1.32631578947368,4454.52676383656
2004-05-01,MYS,MYR,Malaysia,5.04,3.8,1.32631578947368,4924.33811126582
2005-06-01,MYS,MYR,Malaysia,5.25,3.8,1.3815789473684201,5536.83748306949
2006-05-01,MYS,MYR,Malaysia,5.5,3.6295,1.5153602424576398,6137.15053996313
2007-06-01,MYS,MYR,Malaysia,5.5,3.4345,1.6013975833454699,7144.0002399818295
2008-06-01,MYS,MYR,Malaysia,5.5,3.238,1.6985793699814702,8343.3033817446
2009-07-01,MYS,MYR,Malaysia,6.77,3.602,1.8795113825652399,7167.877194233729
2010-07-01,MYS,MYR,Malaysia,7.05,3.2135,2.19386961257196,8880.145804541091
2011-07-01,MYS,MYR,Malaysia,7.2,2.9730000000000003,2.4217961654894102,10209.3719445027
2012-07-01,MYS,MYR,Malaysia,7.4,3.1735,2.33181030408067,10601.5104558966
2013-07-01,MYS,MYR,Malaysia,7.3,3.1805,2.2952365980191805,10727.6690215542
2014-07-01,MYS,MYR,Malaysia,7.63,3.1675,2.40883977900553,11045.5801207599
2015-07-01,MYS,MYR,Malaysia,7.65,3.8065,2.00972021542099,9699.60046342736
2016-07-01,MYS,MYR,Malaysia,8.0,4.027,1.9865905140303002,9555.66959336559
2017-07-01,MYS,MYR,Malaysia,8.6,4.2935,2.0030278327704703,9979.70447282371
2018-07-01,MYS,MYR,Malaysia,8.45,4.0225,2.10068365444375,11073.9789704691
2019-07-09,MYS,MYR,Malaysia,8.85,4.1425,2.1363910681955303,11132.102742941799
2020-07-01,MYS,MYR,Malaysia,9.99,4.2655,2.3420466533817796,10164.344431073001
2000-04-01,RUS,RUB,Russia,39.5,28.5,1.3859649122806998,1771.59411621094
2001-04-01,RUS,RUB,Russia,35.0,28.9,1.2110726643598602,2100.3525390625
2002-04-01,RUS,RUB,Russia,39.0,31.2,1.25,2377.52954101563
2003-04-01,RUS,RUB,Russia,41.0,31.1,1.31832797427653,2975.123046875
2004-05-01,RUS,RUB,Russia,42.0,29.0,1.44827586206897,4102.36474609375
2005-06-01,RUS,RUB,Russia,42.0,28.4055,1.47858689338332,5323.455078125
2006-05-01,RUS,RUB,Russia,48.0,27.06375,1.77359013440488,6920.19970703125
2007-06-01,RUS,RUB,Russia,52.0,25.64825,2.0274287719435002,9101.2392578125
2008-06-01,RUS,RUB,Russia,59.0,23.2336,2.5394256593898503,11635.2841796875
2009-07-01,RUS,RUB,Russia,67.0,32.7959,2.04293829411603,8562.82421875
2010-07-01,RUS,RUB,Russia,71.0,30.44325,2.3322082891938303,10674.990234375
2011-07-01,RUS,RUB,Russia,75.0,27.7525,2.70245923790649,14305.33203125
2012-07-01,RUS,RUB,Russia,75.0,32.76525,2.28901046077781,15401.8515625
2013-07-01,RUS,RUB,Russia,87.0,32.9389,2.64125395808603,15941.4482421875
2014-07-01,RUS,RUB,Russia,89.0,34.83725,2.5547366683650403,14055.47265625
2015-07-01,RUS,RUB,Russia,107.0,56.815,1.8833054651060501,9277.7138671875
2016-07-01,RUS,RUB,Russia,130.0,63.40755,2.05022903423961,8663.158203125
2017-07-01,RUS,RUB,Russia,137.0,60.1369,2.2781353877569397,10658.9130859375
2018-07-01,RUS,RUB,Russia,130.0,62.14065,2.09202832606353,11211.8876953125
2019-07-09,RUS,RUB,Russia,130.0,63.83875,2.03638072487322,11447.701171875
2020-07-01,RUS,RUB,Russia,135.0,70.585,1.91258766026776,10108.3271484375
2000-04-01,KOR,KRW,South Korea,3000.0,1108.0,2.70758122743682,12257.0206622345
2001-04-01,KOR,KRW,South Korea,3000.0,1325.0,2.26415094339623,11561.207174511499
2002-04-01,KOR,KRW,South Korea,3100.0,1304.0,2.37730061349693,13165.08362497
2003-04-01,KOR,KRW,South Korea,3300.0,1220.0,2.7049180327868902,14672.805753946499
2004-05-01,KOR,KRW,South Korea,3200.0,1177.0,2.71877655055225,16496.1316167114
2005-06-01,KOR,KRW,South Korea,2500.0,1005.5,2.48632521133764,19402.5026259549
2006-05-01,KOR,KRW,South Korea,2500.0,952.4,2.62494750104998,21743.4774514254
2007-06-01,KOR,KRW,South Korea,2900.0,922.5,3.14363143631436,24086.4104391677
2008-06-01,KOR,KRW,South Korea,3200.0,1018.05,3.1432640832964998,21350.427979823
2009-07-01,KOR,KRW,South Korea,3400.0,1314.5,2.58653480410803,19143.8516053025
2010-07-01,KOR,KRW,South Korea,3400.0,1204.45,2.82286520818631,23079.2601257735
2011-07-01,KOR,KRW,South Korea,3700.0,1056.2,3.50312440825601,25097.595426845
2012-07-01,KOR,KRW,South Korea,3700.0,1151.0,3.2145960034752403,25459.168900096498
2013-07-01,KOR,KRW,South Korea,3900.0,1135.7,3.4340054591881697,27179.5170146052
2014-07-01,KOR,KRW,South Korea,4100.0,1023.75,4.00488400488401,29252.9312377352
2015-07-01,KOR,KRW,South Korea,4300.0,1143.5,3.76038478355925,28737.4391706499
2016-07-01,KOR,KRW,South Korea,4400.0,1140.95,3.85643542661817,29280.4403170048
2017-07-01,KOR,KRW,South Korea,4400.0,1144.65,3.84396977241952,31600.7358741365
2018-07-01,KOR,KRW,South Korea,4500.0,1116.0,4.03225806451613,33447.156283616605
2019-07-09,KOR,KRW,South Korea,4500.0,1180.55,3.81178264368303,31902.416904819398
2020-07-01,KOR,KRW,South Korea,4500.0,1200.95,3.74703359840127,31721.2989141857
2000-04-01,POL,PLN,Poland,5.5,4.3,1.27906976744186,4501.47996121234
2001-04-01,POL,PLN,Poland,5.9,4.03,1.4640198511166298,4991.24435799511
2002-04-01,POL,PLN,Poland,5.9,4.04,1.46039603960396,5207.129304207
2003-04-01,POL,PLN,Poland,6.3,3.89,1.6195372750642698,5701.6388630191395
2004-05-01,POL,PLN,Poland,6.3,3.87,1.6279069767441898,6681.309750873879
2005-06-01,POL,PLN,Poland,6.5,3.3096,1.96398356296833,8021.547890373879
2006-05-01,POL,PLN,Poland,6.5,3.09915,2.09734927318781,9035.53275810927
2007-06-01,POL,PLN,Poland,6.9,2.75185,2.50740410996239,11254.3140875349
2008-06-01,POL,PLN,Poland,7.0,2.03145,3.44581456595043,13995.781159811499
2009-07-01,POL,PLN,Poland,7.6,3.15525,2.4086839394659703,11525.900737099098
2010-07-01,POL,PLN,Poland,8.3,3.1969,2.5962651318464802,12504.250185609299
2011-07-01,POL,PLN,Poland,8.63,2.7968,3.08566933638444,13776.3883624327
2012-07-01,POL,PLN,Poland,9.1,3.46035,2.6297917840680896,13010.7555868425
2013-07-01,POL,PLN,Poland,9.2,3.3655,2.7336205615807496,13558.3411314221
2014-07-01,POL,PLN,Poland,9.2,3.0714,2.99537670117862,14181.9486817352
2015-07-01,POL,PLN,Poland,9.6,3.7736,2.5439898240407004,12560.051419682
2016-07-01,POL,PLN,Poland,9.6,3.96565,2.42078852142776,12378.812810611102
2017-07-01,POL,PLN,Poland,10.1,3.7086,2.7233996656420203,13815.501164767
2018-07-01,POL,PLN,Poland,10.1,3.68695,2.73939163807483,15504.5075062692
2019-07-09,POL,PLN,Poland,10.8,3.80775,2.83632066180815,15700.0135796738
2020-07-01,POL,PLN,Poland,11.0,3.94345,2.78943564645171,15816.819050319
2000-04-01,THA,THB,Thailand,55.0,38.0,1.4473684210526299,2004.1070589103101
2001-04-01,THA,THB,Thailand,55.0,45.5,1.2087912087912098,1889.9714107983398
2002-04-01,THA,THB,Thailand,55.0,43.3,1.2702078521940001,2091.1789031213298
2003-04-01,THA,THB,Thailand,59.0,42.7,1.38173302107728,2350.84549582551
2004-05-01,THA,THB,Thailand,59.0,40.8,1.44607843137255,2647.26073263886
2005-06-01,THA,THB,Thailand,60.0,40.53,1.4803849000740201,2876.2457729313896
2006-05-01,THA,THB,Thailand,60.0,38.445,1.5606710885680801,3343.78595174831
2007-06-01,THA,THB,Thailand,62.0,34.455,1.7994485560876499,3934.69090919863
2008-06-01,THA,THB,Thailand,62.0,33.36,1.8585131894484401,4327.79747040393
2009-07-01,THA,THB,Thailand,64.49,34.165,1.88760427337919,4154.1874470784205
2010-07-01,THA,THB,Thailand,70.0,32.305,2.16684723726977,4996.37209760091
2011-07-01,THA,THB,Thailand,70.0,29.75,2.35294117647059,5396.64358573682
2012-07-01,THA,THB,Thailand,82.0,31.7,2.58675078864353,5748.632720621579
2013-07-01,THA,THB,Thailand,89.0,31.275,2.8457234212629903,6041.13394794203
2014-07-01,THA,THB,Thailand,99.0,31.78,3.1151667715544398,5822.37778295314
2015-07-01,THA,THB,Thailand,108.0,34.0875,3.1683168316831702,5708.79409105798
2016-07-01,THA,THB,Thailand,119.0,34.965,3.4034034034034,5854.4639077194
2017-07-01,THA,THB,Thailand,119.0,34.0365,3.4962466763621403,6436.78965986703
2018-07-01,THA,THB,Thailand,119.0,33.17,3.5875791377751,7124.55881041403
2019-07-09,THA,THB,Thailand,119.0,30.8275,3.8601897656313398,7628.576033073509
2020-07-01,THA,THB,Thailand,128.0,31.385,4.0783813923849,7001.8502868367295
2000-04-01,CHN,CNY,China,9.9,8.28,1.19565217391304,959.360431369138
2001-04-01,CHN,CNY,China,9.9,8.28,1.19565217391304,1053.11231442789
2002-04-01,CHN,CNY,China,10.5,8.28,1.26811594202899,1148.51425710711
2003-04-01,CHN,CNY,China,9.9,8.28,1.19565217391304,1288.63749134336
2004-05-01,CHN,CNY,China,10.4,8.28,1.256038647343,1508.66791560781
2005-06-01,CHN,CNY,China,10.5,8.2764,1.26866753661012,1753.41419160544
2006-05-01,CHN,CNY,China,10.5,8.026,1.30824819337154,2099.2194300499
2007-06-01,CHN,CNY,China,11.0,7.6047,1.4464738911462598,2693.95873160283
2008-06-01,CHN,CNY,China,12.5,6.834,1.8290898448931798,3468.32706307504
2009-07-01,CHN,CNY,China,12.5,6.8327,1.82943785033735,3832.2274569094
2010-07-01,CHN,CNY,China,13.2,6.7769,1.9477932387965,4550.47394356715
2011-07-01,CHN,CNY,China,14.65,6.445,2.27307990690458,5614.38602225277
2012-07-01,CHN,CNY,China,15.65,6.3885,2.4497143304375095,6300.58217951734
2013-07-01,CHN,CNY,China,16.0,6.1341,2.60836960597317,7020.3860742288
2014-07-01,CHN,CNY,China,16.9,6.1983,2.72655405514415,7636.07434020616
2015-07-01,CHN,CNY,China,17.0,6.2092,2.73787283385943,8016.445594899979
2016-07-01,CHN,CNY,China,18.6,6.678,2.7852650494159903,8094.39016735149
2017-07-01,CHN,CNY,China,19.8,6.7875,2.9171270718232,8817.04560829162
2018-07-01,CHN,CNY,China,20.5,6.622000000000001,3.09574146783449,9905.40638304527
2019-07-09,CHN,CNY,China,21.0,6.8846,3.0502861458908304,10143.8602206165
2020-07-01,CHN,CNY,China,21.7,7.0035,3.09845077461269,10408.7195541075
2000-04-01,AUS,AUD,Australia,2.59,1.68,1.5416666666666698,21870.4159669594
2001-04-01,AUS,AUD,Australia,3.0,1.98,1.51515151515152,19695.7297379144
2002-04-01,AUS,AUD,Australia,3.0,1.86,1.61290322580645,20301.8431713256
2003-04-01,AUS,AUD,Australia,3.0,1.61,1.86335403726708,23718.1338501868
2004-05-01,AUS,AUD,Australia,3.25,1.43,2.2727272727272703,30836.7306824685
2005-06-01,AUS,AUD,Australia,3.25,1.3015,2.4971187091817098,34479.767929838796
2006-05-01,AUS,AUD,Australia,3.25,1.33253,2.4389694791111602,36595.7071548423
2007-06-01,AUS,AUD,Australia,3.45,1.17,2.94871794871795,41051.6120652288
2008-06-01,AUS,AUD,Australia,3.45,1.026,3.36257309941521,49701.2817843335
2009-07-01,AUS,AUD,Australia,4.34,1.2869,3.37244541145388,42816.567400282904
2010-07-01,AUS,AUD,Australia,4.35,1.133722578,3.8369175002881497,52147.0241942843
2011-07-01,AUS,AUD,Australia,4.56,0.9223815890000001,4.9437240014121695,62609.6607161044
2012-07-01,AUS,AUD,Australia,4.56,0.9743264970000001,4.68015599908292,68078.0442283168
2013-07-01,AUS,AUD,Australia,5.035,1.089858863,4.61986425117506,68198.4193446869
2014-07-01,AUS,AUD,Australia,5.1,1.059378145,4.81414500013119,62558.243878633206
2015-07-01,AUS,AUD,Australia,5.3,1.35126005,3.9222649999901895,56758.8692027821
2016-07-01,AUS,AUD,Australia,5.75,1.335737661,4.3047375003975406,49918.7939327254
2017-07-01,AUS,AUD,Australia,5.9,1.303016483,4.52795500055083,53954.553494614
2018-07-01,AUS,AUD,Australia,6.05,1.33985395591881,4.51541749999998,57273.5204750079
2019-07-09,AUS,AUD,Australia,6.15,1.4436263894904,4.260105,55049.571919719005
2020-07-01,AUS,AUD,Australia,6.55,1.43061516452074,4.57845000000001,51868.247556782306
2000-04-01,MEX,MXN,Mexico,20.9,9.41,2.2210414452709903,7581.8456414700295
2001-04-01,MEX,MXN,Mexico,21.9,9.29,2.35737351991389,8009.15833972447
2002-04-01,MEX,MXN,Mexico,21.9,9.28,2.35991379310345,8032.992120585391
2003-04-01,MEX,MXN,Mexico,23.0,10.53,2.18423551756885,7473.932373569341
2004-05-01,MEX,MXN,Mexico,24.0,11.6,2.06896551724138,7883.5231908284995
2005-06-01,MEX,MXN,Mexico,28.0,10.8675,2.5764895330112703,8702.11448264527
2006-05-01,MEX,MXN,Mexico,29.0,11.3031,2.56566782564075,9545.28672703153
2007-06-01,MEX,MXN,Mexico,29.0,10.76755,2.6932774865219997,10178.442238810501
2008-06-01,MEX,MXN,Mexico,32.0,10.1685,3.1469734965825804,10589.9518729134
2009-07-01,MEX,MXN,Mexico,33.0,13.8104,2.38950356253258,8495.65308003777
2010-07-01,MEX,MXN,Mexico,32.0,12.782,2.50352057580973,9823.16407459477
2011-07-01,MEX,MXN,Mexico,32.0,11.67075,2.74189747873958,10766.6099402311
2012-07-01,MEX,MXN,Mexico,37.0,13.687000000000001,2.70329509753781,10842.7330894856
2013-07-01,MEX,MXN,Mexico,37.0,12.94115,2.8590967572433703,11317.491060480901
2014-07-01,MEX,MXN,Mexico,42.0,12.93255,3.2476193790087797,11490.0216914226
2015-07-01,MEX,MXN,Mexico,49.0,15.73975,3.1131371209834997,10098.173182095
2016-07-01,MEX,MXN,Mexico,44.0,18.535,2.37388724035608,9152.73722379028
2017-07-01,MEX,MXN,Mexico,49.0,17.79075,2.75424026530641,9693.330090824871
2018-07-01,MEX,MXN,Mexico,49.0,19.0515,2.57197595989817,10130.3206976172
2019-07-09,MEX,MXN,Mexico,50.0,18.89525,2.6461676876463702,10434.5676193955
2020-07-01,MEX,MXN,Mexico,50.0,22.436,2.2285612408629,8895.615216059408
2000-04-01,TWN,TWD,Taiwan,70.0,30.6,2.28758169934641,
2001-04-01,TWN,TWD,Taiwan,70.0,32.9,2.1276595744680904,
2002-04-01,TWN,TWD,Taiwan,70.0,34.8,2.01149425287356,
2003-04-01,TWN,TWD,Taiwan,70.0,34.8,2.01149425287356,
2004-05-01,TWN,TWD,Taiwan,75.0,33.4,2.24550898203593,
2005-06-01,TWN,TWD,Taiwan,75.0,31.175,2.4057738572574197,
2006-05-01,TWN,TWD,Taiwan,75.0,32.141,2.3334681559379,
2007-06-01,TWN,TWD,Taiwan,75.0,32.7705,2.2886437497139203,
2008-06-01,TWN,TWD,Taiwan,75.0,30.3625,2.4701523260601097,
2009-07-01,TWN,TWD,Taiwan,75.0,33.1755,2.2607044355021,
2010-07-01,TWN,TWD,Taiwan,75.0,32.1055,2.336048340627,
2011-07-01,TWN,TWD,Taiwan,75.0,28.834,2.60109592841784,
2012-07-01,TWN,TWD,Taiwan,75.0,30.1955,2.4838138133165497,
2013-07-01,TWN,TWD,Taiwan,79.0,30.0285,2.63083404099439,
2014-07-01,TWN,TWD,Taiwan,79.0,29.982,2.6349142819024802,
2015-07-01,TWN,TWD,Taiwan,79.0,31.02,2.5467440361057405,
2016-07-01,TWN,TWD,Taiwan,69.0,32.029,2.1542976677386103,
2017-07-01,TWN,TWD,Taiwan,69.0,30.4775,2.26396522024444,
2018-07-01,TWN,TWD,Taiwan,69.0,30.3725,2.27179191703021,
2019-07-09,TWN,TWD,Taiwan,72.0,31.171999999999997,2.3097651738739904,
2020-07-01,TWN,TWD,Taiwan,72.0,29.4565,2.44428224670277,
2000-04-01,ZAF,ZAR,South Africa,9.0,6.72,1.33928571428571,3241.66139605189
2001-04-01,ZAF,ZAR,South Africa,9.7,8.13,1.1931119311193101,2867.47249671099
2002-04-01,ZAF,ZAR,South Africa,9.7,10.9,0.8899082568807339,2708.4233331834303
2003-04-01,ZAF,ZAR,South Africa,13.95,7.56,1.8452380952381,4095.6837002303205
2004-05-01,ZAF,ZAR,South Africa,12.4,6.66,1.86186186186186,5268.278576217021
2005-06-01,ZAF,ZAR,South Africa,13.95,6.6482,2.0983123251406397,5893.187075872329
2006-05-01,ZAF,ZAR,South Africa,13.95,6.597,2.11459754433834,6139.581617666639
2007-06-01,ZAF,ZAR,South Africa,15.5,6.971,2.22349734614833,6662.06278541847
2008-06-01,ZAF,ZAR,South Africa,16.95,7.56325,2.24110005619277,6251.87742691265
2009-07-01,ZAF,ZAR,South Africa,17.95,8.2805,2.16774349375038,6444.186840445191
2010-07-01,ZAF,ZAR,South Africa,18.45,7.5365,2.44808598155643,8059.56279824609
2011-07-01,ZAF,ZAR,South Africa,19.45,6.76885,2.87345708650657,8737.041269424351
2012-07-01,ZAF,ZAR,South Africa,19.95,8.4683,2.35584473861342,8173.869138171601
2013-07-01,ZAF,ZAR,South Africa,22.5,10.04725,2.23941874642315,7441.230853996751
2014-07-01,ZAF,ZAR,South Africa,24.5,10.5145,2.33011555471016,6965.137897369301
2015-07-01,ZAF,ZAR,South Africa,26.0,12.41455,2.0943167492982,6204.92990145846
2016-07-01,ZAF,ZAR,South Africa,30.0,14.27375,2.10176022418776,5735.066787178421
2017-07-01,ZAF,ZAR,South Africa,30.0,13.27,2.26073850791259,6734.475153124929
2018-07-01,ZAF,ZAR,South Africa,31.0,13.3619,2.32002933714517,7067.72416483846
2019-07-09,ZAF,ZAR,South Africa,31.0,14.175,2.18694885361552,6702.52661671812
2020-07-01,ZAF,ZAR,South Africa,31.0,16.6725,1.8593492277702799,5753.06649434631
2000-04-01,USA,USD,United States,2.51,1.0,2.51,36329.9702595751
2001-04-01,USA,USD,United States,2.54,1.0,2.54,37133.6203973517
2002-04-01,USA,USD,United States,2.49,1.0,2.49,37997.7424300242
2003-04-01,USA,USD,United States,2.71,1.0,2.71,39490.3023903176
2004-05-01,USA,USD,United States,2.9,1.0,2.9,41724.6411982614
2005-06-01,USA,USD,United States,3.06,1.0,3.06,44123.399647002596
2006-05-01,USA,USD,United States,3.1,1.0,3.1,46301.987648551905
2007-06-01,USA,USD,United States,3.41,1.0,3.41,48050.227412195
2008-06-01,USA,USD,United States,3.57,1.0,3.57,48570.0594269601
2009-07-01,USA,USD,United States,3.57,1.0,3.57,47194.950089387195
2010-07-01,USA,USD,United States,3.733333333,1.0,3.733333333,48650.664322723205
2011-07-01,USA,USD,United States,4.065,1.0,4.065,50065.9789470675
2012-07-01,USA,USD,United States,4.3275,1.0,4.3275,51784.4114692048
2013-07-01,USA,USD,United States,4.556666667,1.0,4.556666667,53409.7507774372
2014-07-01,USA,USD,United States,4.795,1.0,4.795,55304.3155317137
2015-07-01,USA,USD,United States,4.79,1.0,4.79,57040.208213660495
2016-07-01,USA,USD,United States,5.04,1.0,5.04,58206.6141931844
2017-07-01,USA,USD,United States,5.3,1.0,5.3,60322.2614241747
2018-07-01,USA,USD,United States,5.51,1.0,5.51,63201.0458483771
2019-07-09,USA,USD,United States,5.74,1.0,5.74,65548.07078475719
2020-07-01,USA,USD,United States,5.71,1.0,5.71,64317.398912504
2000-04-01,HUN,HUF,Hungary,339.0,279.0,1.21505376344086,4624.2816567029495
2001-04-01,HUN,HUF,Hungary,399.0,303.0,1.31683168316832,5276.0331890549605
2002-04-01,HUN,HUF,Hungary,459.0,272.0,1.6875,6655.33300865319
2003-04-01,HUN,HUF,Hungary,490.0,224.0,2.1875,8419.43087098103
2004-05-01,HUN,HUF,Hungary,530.0,211.0,2.51184834123223,10301.703394674301
2005-06-01,HUN,HUF,Hungary,530.0,203.643,2.6025937547571,11223.3993032598
2006-05-01,HUN,HUF,Hungary,560.0,206.3444,2.71390936705818,11489.5608654088
2007-06-01,HUN,HUF,Hungary,600.0,180.2106,3.3294378910008597,13940.9092761999
2008-06-01,HUN,HUF,Hungary,670.0,144.2578,4.64446289905988,15772.330083938301
2009-07-01,HUN,HUF,Hungary,720.0,199.1577,3.61522552228711,13077.305465178
2010-07-01,HUN,HUF,Hungary,740.0,221.96915,3.33379661092544,13217.5045951108
2011-07-01,HUN,HUF,Hungary,760.0,188.0724,4.04099697775963,14234.471576937
2012-07-01,HUN,HUF,Hungary,830.0,238.2151,3.48424596089836,12984.836573013301
2013-07-01,HUN,HUF,Hungary,860.0,228.46200000000002,3.7643021596589397,13715.0703590361
2014-07-01,HUN,HUF,Hungary,860.0,228.30615,3.76687180787727,14294.2584180751
2015-07-01,HUN,HUF,Hungary,900.0,282.8778,3.1815858296409303,12717.038597002
2016-07-01,HUN,HUF,Hungary,900.0,285.6397,3.15082252221943,13104.699545745802
2017-07-01,HUN,HUF,Hungary,862.0,268.6239,3.20894752849616,14621.2395956755
2018-07-01,HUN,HUF,Hungary,850.0,276.4302,3.07491728472504,16425.2050299693
2019-07-09,HUN,HUF,Hungary,900.0,290.5412,3.0976673876200698,16786.2136399075
2020-07-01,HUN,HUF,Hungary,900.0,311.37795,2.8903780759042204,16131.9540355923
2000-04-01,GBR,GBP,Britain,1.9,0.632911392,3.0020000019212802,28280.926786099
2001-04-01,GBR,GBP,Britain,1.99,0.699300699,2.84570000122365,27906.569502964103
2002-04-01,GBR,GBP,Britain,1.99,0.689655172,2.8855000017313,30077.741432188
2003-04-01,GBR,GBP,Britain,1.99,0.632911392,3.1442000020122896,34442.6875402308
2004-05-01,GBR,GBP,Britain,1.88,0.558659218,3.3651999992596604,40366.888665096805
2005-06-01,GBR,GBP,Britain,1.88,0.546448087,3.44040000271792,42104.7884375024
2006-05-01,GBR,GBP,Britain,1.94,0.531801744,3.64797600212458,44512.459029686506
2007-06-01,GBR,GBP,Britain,1.99,0.49661063200000005,4.0071635034990605,50397.68549547059
2008-06-01,GBR,GBP,Britain,2.29,0.5010396570000001,4.5704965026351205,47396.1202078484
2009-07-01,GBR,GBP,Britain,2.29,0.620886626,3.6882740006063504,38744.131693043
2010-07-01,GBR,GBP,Britain,2.29,0.657375756,3.48354799990525,39598.957119545
2011-07-01,GBR,GBP,Britain,2.39,0.614137444,3.8916369997462703,42109.641879574905
2012-07-01,GBR,GBP,Britain,2.69,0.646266197,4.1623715002999,42497.340497432204
2013-07-01,GBR,GBP,Britain,2.69,0.669142494,4.02007049936362,43426.2981405143
2014-07-01,GBR,GBP,Britain,2.89,0.586785589,4.92513799618893,47439.6165895125
2015-07-01,GBR,GBP,Britain,2.89,0.640450877,4.512446002943019,44964.3911437292
2016-07-01,GBR,GBP,Britain,2.99,0.758840492,3.9402219985909803,40985.2351382417
2017-07-01,GBR,GBP,Britain,3.19,0.775885479,4.11143150160695,40572.1214823783
2018-07-01,GBR,GBP,Britain,3.19,0.7538635506973241,4.231535,43203.814105773905
2019-07-09,GBR,GBP,Britain,3.29,0.8021819348628271,4.101314,42662.5353740311
2020-07-01,GBR,GBP,Britain,3.39,0.792550029720626,4.2773325,40217.009011698596
2000-04-01,DNK,DKK,Denmark,24.75,8.04,3.07835820895522,30743.547681635402
2001-04-01,DNK,DKK,Denmark,24.75,8.46,2.92553191489362,30751.654348268
2002-04-01,DNK,DKK,Denmark,24.75,8.38,2.9534606205250604,33228.6935448819
2003-04-01,DNK,DKK,Denmark,27.75,6.78,4.0929203539823,40458.777398660895
2004-05-01,DNK,DKK,Denmark,27.75,6.22,4.46141479099679,46511.5983324305
2005-06-01,DNK,DKK,Denmark,27.75,6.0647,4.57565914224941,48799.8256011275
2006-05-01,DNK,DKK,Denmark,27.75,5.81825,4.76947535771065,52026.999514272306
2007-06-01,DNK,DKK,Denmark,27.75,5.4603,5.0821383440470305,58487.054967769596
2008-06-01,DNK,DKK,Denmark,28.0,4.7044,5.951874840574781,64322.0635020842
2009-07-01,DNK,DKK,Denmark,29.5,5.3375,5.52693208430913,58163.2768762815
2010-07-01,DNK,DKK,Denmark,28.5,5.81365,4.90225589775786,58041.398436338495
2011-07-01,DNK,DKK,Denmark,28.5,5.19845,5.48240340870837,61753.647131977
2012-07-01,DNK,DKK,Denmark,28.5,6.1356,4.6450224916878495,58507.5080517852
2013-07-01,DNK,DKK,Denmark,28.5,5.8006,4.9132848326035194,61191.1937042028
2014-07-01,DNK,DKK,Denmark,28.5,5.5388,5.14551888495703,62548.9847332908
2015-07-01,DNK,DKK,Denmark,34.59,6.81105,5.07851212368137,53254.8563700916
2016-07-01,DNK,DKK,Denmark,30.0,6.75715,4.43974160703847,54663.9983719195
2017-07-01,DNK,DKK,Denmark,30.0,6.51255,4.60649054517816,57610.0981801135
2018-07-01,DNK,DKK,Denmark,30.0,6.3591,4.71764872387602,61591.928869895804
2019-07-09,DNK,DKK,Denmark,30.0,6.6593,4.50497800069076,59592.9806886454
2020-07-01,DNK,DKK,Denmark,30.0,6.54935,4.580607235832559,60836.5924121638
2000-04-01,SWE,SEK,Sweden,24.0,8.84,2.7149321266968296,29624.9126748618
2001-04-01,SWE,SEK,Sweden,24.0,10.28,2.33463035019455,27247.857734792997
2002-04-01,SWE,SEK,Sweden,26.0,10.4,2.5,29899.195249508102
2003-04-01,SWE,SEK,Sweden,30.0,8.34,3.5971223021582697,37321.7979047059
2004-05-01,SWE,SEK,Sweden,30.0,7.61,3.9421813403416603,42821.6731423358
2005-06-01,SWE,SEK,Sweden,31.0,7.4402,4.16655466250907,43437.0631164776
2006-05-01,SWE,SEK,Sweden,33.0,7.28455,4.53013569815569,46593.602164611104
2007-06-01,SWE,SEK,Sweden,33.0,6.79165,4.8589076292211795,53700.0053363063
2008-06-01,SWE,SEK,Sweden,38.0,5.96085,6.374929749951769,56152.552340314
2009-07-01,SWE,SEK,Sweden,39.0,7.90915,4.930997641971639,46946.9602719954
2010-07-01,SWE,SEK,Sweden,48.4,7.37355,6.564002414033951,52869.0442891587
2011-07-01,SWE,SEK,Sweden,48.4,6.3352,7.6398535168581905,60755.7595508465
2012-07-01,SWE,SEK,Sweden,39.97301987,6.9777,5.72868135202144,58037.821319217306
2013-07-01,SWE,SEK,Sweden,41.61,6.7583,6.156873770030921,61126.9431963979
2014-07-01,SWE,SEK,Sweden,40.7,6.836,5.9537741369221795,60020.360457657196
2015-07-01,SWE,SEK,Sweden,43.7,8.52265,5.127513156119281,51545.483609532195
2016-07-01,SWE,SEK,Sweden,44.94,8.59485,5.228712542976321,51965.157153198496
2017-07-01,SWE,SEK,Sweden,48.97,8.41565,5.81892070131244,53791.5087298403
2018-07-01,SWE,SEK,Sweden,51.0,8.7526,5.826840024678379,54589.0603860606
2019-07-09,SWE,SEK,Sweden,51.0,9.47505,5.38255734798233,51939.4297445291
2020-07-01,SWE,SEK,Sweden,52.6,9.1384,5.75593101637048,52837.9039778149
2000-04-01,NZL,NZD,New Zealand,3.4,2.01,1.69154228855721,13641.102718382199
2001-04-01,NZL,NZD,New Zealand,3.6,2.47,1.4574898785425099,13882.8568268586
2002-04-01,NZL,NZD,New Zealand,3.6,2.24,1.60714285714286,16874.1874918196
2003-04-01,NZL,NZD,New Zealand,3.95,1.78,2.21910112359551,21913.708171996102
2004-05-01,NZL,NZD,New Zealand,4.35,1.64,2.6524390243902403,25420.234882943998
2005-06-01,NZL,NZD,New Zealand,4.45,1.4023,3.1733580546245497,27751.0654708859
2006-05-01,NZL,NZD,New Zealand,4.45,1.62101,2.74520206537899,26654.5932018985
2007-06-01,NZL,NZD,New Zealand,4.6,1.2797,3.59459248261311,32479.9817381467
2008-06-01,NZL,NZD,New Zealand,4.9,1.3177,3.7186005919405,31252.9625640673
2009-07-01,NZL,NZD,New Zealand,4.9,1.59235,3.0772129242942796,28209.3623271229
2010-07-01,NZL,NZD,New Zealand,5.0,1.39275766,3.5900000004307997,33676.7741239925
2011-07-01,NZL,NZD,New Zealand,5.1,1.1560693640000002,4.41150000061761,38388.5280906616
2012-07-01,NZL,NZD,New Zealand,5.1,1.273560876,4.004520000659951,39974.2997334925
2013-07-01,NZL,NZD,New Zealand,5.5,1.279344975,4.29907500125211,42977.388040868
2014-07-01,NZL,NZD,New Zealand,5.7,1.152737752,4.94475000069227,44578.225386801605
2015-07-01,NZL,NZD,New Zealand,5.9,1.509092281,3.90963499998182,38639.3501941427
2016-07-01,NZL,NZD,New Zealand,6.0,1.4213630869999998,4.221300000595839,40070.8956577431
2017-07-01,NZL,NZD,New Zealand,6.1,1.376273053,4.43225999862689,42913.186956185
2018-07-01,NZL,NZD,New Zealand,6.2,1.4643432420559401,4.23397999999999,43228.6976473771
2019-07-09,NZL,NZD,New Zealand,6.4,1.5134317063942502,4.2288,42747.2099299966
2020-07-01,NZL,NZD,New Zealand,6.6,1.5177961599757201,4.348409999999991,41785.6922905898
2000-04-01,IDN,IDR,Indonesia,14500.0,7945.0,1.82504719949654,770.865351580294
2001-04-01,IDN,IDR,Indonesia,14700.0,10855.0,1.35421464762782,739.0039465353551
2002-04-01,IDN,IDR,Indonesia,16000.0,9430.0,1.69671261930011,888.9013896656551
2003-04-01,IDN,IDR,Indonesia,16100.0,8740.0,1.8421052631578898,1052.41319921916
2004-05-01,IDN,IDR,Indonesia,16100.0,9120.0,1.76535087719298,1136.75521127965
2005-06-01,IDN,IDR,Indonesia,14600.0,9545.0,1.5295966474594,1249.39769359418
2006-05-01,IDN,IDR,Indonesia,14600.0,9325.0,1.5656836461126,1572.79793972155
2007-06-01,IDN,IDR,Indonesia,15900.0,9015.0,1.76372712146423,1840.32992667702
2008-06-01,IDN,IDR,Indonesia,18700.0,9152.0,2.04326923076923,2144.38954419287
2009-07-01,IDN,IDR,Indonesia,20900.0,10200.0,2.0490196078431397,2239.0952652989604
2010-07-01,IDN,IDR,Indonesia,22780.0,9063.0,2.5135164956416203,3094.44307866403
2011-07-01,IDN,IDR,Indonesia,22534.0,8523.0,2.64390472838203,3613.8008884858
2012-07-01,IDN,IDR,Indonesia,24200.0,9482.5,2.55206960189823,3668.2120833709705
2013-07-01,IDN,IDR,Indonesia,27939.0,9965.0,2.80371299548419,3602.8855168062896
2014-07-01,IDN,IDR,Indonesia,27939.0,11505.0,2.42842242503259,3476.62485441547
2015-07-01,IDN,IDR,Indonesia,30500.0,13344.5,2.28558582187418,3322.5816789544397
2016-07-01,IDN,IDR,Indonesia,31000.0,13112.5,2.36415633937083,3558.818851757371
2017-07-01,IDN,IDR,Indonesia,32126.0,13369.5,2.40293204682299,3839.7850746049103
2018-07-01,IDN,IDR,Indonesia,31500.0,14360.0,2.19359331476323,3902.6616755590003
2019-07-09,IDN,IDR,Indonesia,32000.0,14130.0,2.26468506723284,4151.22755440796
2020-07-01,IDN,IDR,Indonesia,34000.0,14435.0,2.35538621406304,3895.6181520022496
2000-04-01,CHL,CLP,Chile,1260.0,514.0,2.45136186770428,5102.96876097291
2001-04-01,CHL,CLP,Chile,1260.0,601.0,2.09650582362729,4610.59269482557
2002-04-01,CHL,CLP,Chile,1400.0,655.0,2.13740458015267,4477.18785195496
2003-04-01,CHL,CLP,Chile,1400.0,716.0,1.9553072625698302,4823.257420974171
2004-05-01,CHL,CLP,Chile,1400.0,641.0,2.18408736349454,6185.3037878327395
2005-06-01,CHL,CLP,Chile,1500.0,592.45,2.53185922862689,7560.543668238271
2006-05-01,CHL,CLP,Chile,1560.0,529.95,2.9436739315029703,9418.27492735073
2007-06-01,CHL,CLP,Chile,1565.0,526.75,2.9710488846701497,10456.8323890899
2008-06-01,CHL,CLP,Chile,1550.0,494.65,3.13352875770747,10797.0473705117
2009-07-01,CHL,CLP,Chile,1750.0,548.55,3.1902287849785798,10204.5588537616
2010-07-01,CHL,CLP,Chile,1750.0,523.65,3.34192685954359,12764.5931178671
2011-07-01,CHL,CLP,Chile,1850.0,462.75,3.99783900594273,14637.7561550875
2012-07-01,CHL,CLP,Chile,2050.0,493.05,4.1577933272487595,15397.7804504673
2013-07-01,CHL,CLP,Chile,2000.0,508.155,3.93580698802531,15842.159166151001
2014-07-01,CHL,CLP,Chile,2100.0,564.14,3.72248023540256,14675.1508630779
2015-07-01,CHL,CLP,Chile,2100.0,642.45,3.26873686668223,13567.3572174332
2016-07-01,CHL,CLP,Chile,2300.0,651.12,3.53237498464185,13788.2400083224
2017-07-01,CHL,CLP,Chile,2550.0,663.355,3.84409554461789,15034.058435071101
2018-07-01,CHL,CLP,Chile,2640.0,651.73,4.05075721541129,15820.0333659534
2019-07-09,CHL,CLP,Chile,2640.0,689.75,3.82747372236318,14616.207251376101
2020-07-01,CHL,CLP,Chile,2740.0,787.7,3.4784816554525797,13162.591351970701
2000-04-01,HKG,HKD,Hong Kong,10.2,7.79,1.30937098844673,25756.772872370402
2001-04-01,HKG,HKD,Hong Kong,10.7,7.8,1.3717948717948703,25230.3780910304
2002-04-01,HKG,HKD,Hong Kong,11.2,8.0,1.4,24665.836231821602
2003-04-01,HKG,HKD,Hong Kong,11.5,7.8,1.47435897435897,23977.1734120477
2004-05-01,HKG,HKD,Hong Kong,12.0,7.79,1.54043645699615,24928.100372255096
2005-06-01,HKG,HKD,Hong Kong,12.0,7.7807,1.54227768709756,26649.637724155
2006-05-01,HKG,HKD,Hong Kong,12.0,7.7533,1.54772806417912,28224.0951563146
2007-06-01,HKG,HKD,Hong Kong,12.0,7.81555,1.5354005796137198,30593.9511738646
2008-06-01,HKG,HKD,Hong Kong,13.3,7.7974,1.7056967707184398,31515.529210344303
2009-07-01,HKG,HKD,Hong Kong,13.3,7.7505,1.71601832139862,30697.538386164102
2010-07-01,HKG,HKD,Hong Kong,14.8,7.7742,1.90373285997273,32550.136489179
2011-07-01,HKG,HKD,Hong Kong,15.1,7.7918,1.93793475191868,35142.4879344543
2012-07-01,HKG,HKD,Hong Kong,16.5,7.75815,2.126795692272,36730.796195815
2013-07-01,HKG,HKD,Hong Kong,17.0,7.75665,2.19166779473097,38403.7777145477
2014-07-01,HKG,HKD,Hong Kong,18.8,7.75045,2.42566560651317,40315.3739510191
2015-07-01,HKG,HKD,Hong Kong,19.2,7.7508,2.47716364762347,42432.1619740441
2016-07-01,HKG,HKD,Hong Kong,19.2,7.7554,2.4756943549011,43734.1980702999
2017-07-01,HKG,HKD,Hong Kong,19.2,7.8115,2.45791461307047,46160.429791493
2018-07-01,HKG,HKD,Hong Kong,20.0,7.84825,2.54833880164368,48537.5668888343
2019-07-09,HKG,HKD,Hong Kong,20.5,7.8105,2.6246719160105,48359.001195059696
2020-07-01,HKG,HKD,Hong Kong,20.5,7.75095,2.64483708448642,46109.2299946609
2000-04-01,CZE,CZK,Czech Republic,54.37,39.1,1.39053708439898,6029.038192753579
2001-04-01,CZE,CZK,Czech Republic,56.0,39.0,1.4358974358974401,6637.04165713981
2002-04-01,CZE,CZK,Czech Republic,56.28,34.0,1.6552941176470601,8060.868702924241
2003-04-01,CZE,CZK,Czech Republic,56.57,28.9,1.9574394463667801,9818.56849307488
2004-05-01,CZE,CZK,Czech Republic,56.42,26.5,2.12905660377359,11749.8526643577
2005-06-01,CZE,CZK,Czech Republic,56.42,24.5409,2.2990191883753197,13430.6698955613
2006-05-01,CZE,CZK,Czech Republic,59.05,22.1078,2.67100299441826,15261.797591113798
2007-06-01,CZE,CZK,Czech Republic,52.9,21.11675,2.5051203428557898,18466.5479299216
2008-06-01,CZE,CZK,Czech Republic,66.08,14.49795,4.55788577005715,22804.5776774507
2009-07-01,CZE,CZK,Czech Republic,67.92,18.66155,3.63956906044782,19861.6974295256
2010-07-01,CZE,CZK,Czech Republic,67.64,19.7476,3.4252263566205494,19960.0684872157
2011-07-01,CZE,CZK,Czech Republic,69.32,17.0219,4.072400848318931,21871.2660754128
2012-07-01,CZE,CZK,Czech Republic,70.33,21.048000000000002,3.34141011022425,19870.8012123403
2013-07-01,CZE,CZK,Czech Republic,70.45,20.1828,3.49059595298967,20133.1691431353
2014-07-01,CZE,CZK,Czech Republic,70.45,20.3877,3.4555148447348194,19890.9199056648
2015-07-01,CZE,CZK,Czech Republic,70.0,24.70225,2.83374996204799,17829.6983223668
2016-07-01,CZE,CZK,Czech Republic,75.0,24.54655,3.0554191933285897,18575.232027191498
2017-07-01,CZE,CZK,Czech Republic,75.0,22.8561,3.2813997138619397,20636.199952435
2018-07-01,CZE,CZK,Czech Republic,75.0,22.06475,3.39908677868546,23424.4804601855
2019-07-09,CZE,CZK,Czech Republic,85.0,22.7993,3.7281846372476397,23664.8478631108
2020-07-01,CZE,CZK,Czech Republic,89.0,23.4134,3.80124202379834,22992.8793833348
2000-04-01,EUZ,EUR,Euro area,2.56,1.075268817,2.38080000045235,
2001-04-01,EUZ,EUR,Euro area,2.57,1.136363636,2.26160000072371,
2002-04-01,EUZ,EUR,Euro area,2.67,1.123595506,2.37629999919206,
2003-04-01,EUZ,EUR,Euro area,2.71,0.9090909090000001,2.9810000002981,
2004-05-01,EUZ,EUR,Euro area,2.74,0.833333333,3.2880000013152,
2005-06-01,EUZ,EUR,Euro area,2.92,0.814929509,3.58313199823029,
2006-05-01,EUZ,EUR,Euro area,2.9395735289999996,0.780365992,3.7669164970479603,
2007-06-01,EUZ,EUR,Euro area,3.057482443,0.7337564659999999,4.1668899487422,
2008-06-01,EUZ,EUR,Euro area,3.36856,0.630497147,5.342704588003469,
2009-07-01,EUZ,EUR,Euro area,3.31,0.7168972690000001,4.6171189975617,
2010-07-01,EUZ,EUR,Euro area,3.3800310710000003,0.78015291,4.33252382664316,
2011-07-01,EUZ,EUR,Euro area,3.437660401,0.697520315,4.92840183586624,
2012-07-01,EUZ,EUR,Euro area,3.5834822410000005,0.8248443109999999,4.3444346929611095,
2013-07-01,EUZ,EUR,Euro area,3.6238704889999998,0.777756173,4.65939148386547,
2014-07-01,EUZ,EUR,Euro area,3.67923829,0.7427489140000001,4.95354246993891,
2015-07-01,EUZ,EUR,Euro area,3.7,0.9127002240000001,4.05390499827466,
2016-07-01,EUZ,EUR,Euro area,3.82,0.908306463,4.20562899815015,
2017-07-01,EUZ,EUR,Euro area,3.91,0.875695083,4.4650244998577895,
2018-07-01,EUZ,EUR,Euro area,4.04,0.8532059212490941,4.735082,
2019-07-09,EUZ,EUR,Euro area,4.08,0.892339267389462,4.572252,
2020-07-01,EUZ,EUR,Euro area,4.21,0.8796235211329549,4.7861385,
2000-04-01,JPN,JPY,Japan,294.0,106.0,2.77358490566038,39169.3595701504
2001-04-01,JPN,JPY,Japan,294.0,124.0,2.37096774193548,34406.1824638092
2002-04-01,JPN,JPY,Japan,262.0,130.0,2.01538461538462,32820.7936433254
2003-04-01,JPN,JPY,Japan,262.0,120.0,2.18333333333333,35387.037420359906
2004-05-01,JPN,JPY,Japan,262.0,113.0,2.31858407079646,38298.980171230294
2005-06-01,JPN,JPY,Japan,250.0,106.715,2.34268846928735,37812.8950199948
2006-05-01,JPN,JPY,Japan,250.0,112.105,2.23005218322109,35991.546002862
2007-06-01,JPN,JPY,Japan,280.0,122.315,2.2891714017087,35779.0245416427
2008-06-01,JPN,JPY,Japan,280.0,106.855,2.62037340320996,39876.3039685725
2009-07-01,JPN,JPY,Japan,320.0,92.565,3.45703019499811,41308.9968370512
2010-07-01,JPN,JPY,Japan,320.0,87.18,3.67056664372563,44968.156234973896
2011-07-01,JPN,JPY,Japan,320.0,78.365,4.08345562432208,48760.078949421106
2012-07-01,JPN,JPY,Japan,320.0,78.22,4.09102531321913,49145.28043081929
2013-07-01,JPN,JPY,Japan,320.0,100.105,3.1966435242994904,40898.6478964744
2014-07-01,JPN,JPY,Japan,370.0,101.53,3.6442430808628,38475.3952461838
2015-07-01,JPN,JPY,Japan,370.0,123.935,2.98543591398717,34960.6393843385
2016-07-01,JPN,JPY,Japan,370.0,106.725,3.46685406418365,39375.4731620781
2017-07-01,JPN,JPY,Japan,380.0,113.06,3.36104723155846,38834.0529341227
2018-07-01,JPN,JPY,Japan,390.0,111.25,3.50561797752809,39751.1330982711
2019-07-09,JPN,JPY,Japan,390.0,108.765,3.58571231554268,40415.9567649547
2020-07-01,JPN,JPY,Japan,390.0,107.275,3.6355161966907503,40040.7655055923
